dishId,dishName,menuItemId,venueSurveyId,venueName,address,menuName,priceRaw,priceValue,currency,unit,sourceRef,sourceSurveyId,sourceUrl,checkedAt,snapshotSha256,platform,status,validUntil,portion
8131e3cd-bce2-5843-8800-9426c91382ba,Burger,menu_50dbb70cd814e8bf7a93,venue_4bfab8de4972ca050165,Gà Rán và Mỳ Ý Jollibee - Võ Văn Ngân,"255 Võ Văn Ngân, Khu Phố 4, Phường Linh Chiểu, Thành Phố Thủ Đức, Hồ Chí Minh",Burger Gà Giòn,35.000 ₫,35000,VND,menu_item_unspecified,93190189-abda-58b5-a7ec-d5c8daad2eb2,src_4bfab8de4972ca050165,https://food.be.com.vn/ho-chi-minh/ga-ran-va-my-y-jollibee-vo-van-ngan-98881,2026-10-09T16:38:28.219099+00:00,b31071e502c7de5294915721acf05a345f5ee245ff4740947de1db5597f1e5be,befood,snapshot_observation,,
8131e3cd-bce2-5843-8800-9426c91382ba,Burger,menu_b247a4225fbecb0d5655,venue_9842483d30a05fd0fc3b,Wallace Burger & Chicken - Kha Vạn Cân,"1098 Kha Vạn Cân, Khu Phố 1, Phường Thủ Đức, Hồ Chí Minh",Burger gà giòn,50.000 ₫,50000,VND,menu_item_unspecified,a2bc1d40-2c9d-5f93-a2f7-ded6657b4673,src_9842483d30a05fd0fc3b,https://food.be.com.vn/ho-chi-minh/wallace-burger-chicken-kha-van-can-126511,2026-10-09T16:38:10.387106+00:00,36336909fd23ee3b0e945853e39cdcaf74377b4696ad27aa69b60c30b3d99596,befood,snapshot_observation,,
8131e3cd-bce2-5843-8800-9426c91382ba,Burger,menu_7ccd7ce494621fbebb4b,venue_9842483d30a05fd0fc3b,Wallace Burger & Chicken - Kha Vạn Cân,"1098 Kha Vạn Cân, Khu Phố 1, Phường Thủ Đức, Hồ Chí Minh",Burger bò,55.000 ₫,55000,VND,menu_item_unspecified,a2bc1d40-2c9d-5f93-a2f7-ded6657b4673,src_9842483d30a05fd0fc3b,https://food.be.com.vn/ho-chi-minh/wallace-burger-chicken-kha-van-can-126511,2026-10-09T16:38:10.387106+00:00,36336909fd23ee3b0e945853e39cdcaf74377b4696ad27aa69b60c30b3d99596,befood,snapshot_observation,,
8131e3cd-bce2-5843-8800-9426c91382ba,Burger,menu_56b43d7d9125ab1978c1,venue_6bf1b9fce64e57242970,Gà Rán Texas Chicken - Võ Văn Ngân,"13-13/1 Võ Văn Ngân, Khu Phố 2, Phường Linh Chiểu, Thành phố Thủ Đức, Hồ Chí Minh",01 Burger Bóng Đêm,69.000 ₫,69000,VND,menu_item_unspecified,09685886-f124-54d4-be95-f9b6180fbad3,src_6bf1b9fce64e57242970,https://food.be.com.vn/ho-chi-minh/ga-ran-texas-chicken-vo-van-ngan-67488,2026-10-09T16:38:26.488146+00:00,b78f5b0f72660beef76c73a1c6419b797f7921e9df9ed959484080910c1aef48,befood,snapshot_observation,,
8131e3cd-bce2-5843-8800-9426c91382ba,Burger,menu_3d33d6cd7e6c3ab05d85,venue_9842483d30a05fd0fc3b,Wallace Burger & Chicken - Kha Vạn Cân,"1098 Kha Vạn Cân, Khu Phố 1, Phường Thủ Đức, Hồ Chí Minh",Burger cá,50.000 ₫,50000,VND,menu_item_unspecified,a2bc1d40-2c9d-5f93-a2f7-ded6657b4673,src_9842483d30a05fd0fc3b,https://food.be.com.vn/ho-chi-minh/wallace-burger-chicken-kha-van-can-126511,2026-10-09T16:38:10.387106+00:00,36336909fd23ee3b0e945853e39cdcaf74377b4696ad27aa69b60c30b3d99596,befood,snapshot_observation,,
8131e3cd-bce2-5843-8800-9426c91382ba,Burger,menu_312ee6a1237733f43a12,venue_6bf1b9fce64e57242970,Gà Rán Texas Chicken - Võ Văn Ngân,"13-13/1 Võ Văn Ngân, Khu Phố 2, Phường Linh Chiểu, Thành phố Thủ Đức, Hồ Chí Minh",Burger Mexicana - Cay,69.000 ₫,69000,VND,menu_item_unspecified,09685886-f124-54d4-be95-f9b6180fbad3,src_6bf1b9fce64e57242970,https://food.be.com.vn/ho-chi-minh/ga-ran-texas-chicken-vo-van-ngan-67488,2026-10-09T16:38:26.488146+00:00,b78f5b0f72660beef76c73a1c6419b797f7921e9df9ed959484080910c1aef48,befood,snapshot_observation,,
8131e3cd-bce2-5843-8800-9426c91382ba,Burger,menu_7ed821780e5843c769cc,venue_6bf1b9fce64e57242970,Gà Rán Texas Chicken - Võ Văn Ngân,"13-13/1 Võ Văn Ngân, Khu Phố 2, Phường Linh Chiểu, Thành phố Thủ Đức, Hồ Chí Minh",Burger Mexicana - Không Cay,69.000 ₫,69000,VND,menu_item_unspecified,09685886-f124-54d4-be95-f9b6180fbad3,src_6bf1b9fce64e57242970,https://food.be.com.vn/ho-chi-minh/ga-ran-texas-chicken-vo-van-ngan-67488,2026-10-09T16:38:26.488146+00:00,b78f5b0f72660beef76c73a1c6419b797f7921e9df9ed959484080910c1aef48,befood,snapshot_observation,,
8131e3cd-bce2-5843-8800-9426c91382ba,Burger,menu_41699bd827eafde21687,venue_6bf1b9fce64e57242970,Gà Rán Texas Chicken - Võ Văn Ngân,"13-13/1 Võ Văn Ngân, Khu Phố 2, Phường Linh Chiểu, Thành phố Thủ Đức, Hồ Chí Minh",Burger Tex Supreme - Cay,59.000 ₫,59000,VND,menu_item_unspecified,09685886-f124-54d4-be95-f9b6180fbad3,src_6bf1b9fce64e57242970,https://food.be.com.vn/ho-chi-minh/ga-ran-texas-chicken-vo-van-ngan-67488,2026-10-09T16:38:26.488146+00:00,b78f5b0f72660beef76c73a1c6419b797f7921e9df9ed959484080910c1aef48,befood,snapshot_observation,,
8131e3cd-bce2-5843-8800-9426c91382ba,Burger,menu_a92109465d8c6cbebee6,venue_6bf1b9fce64e57242970,Gà Rán Texas Chicken - Võ Văn Ngân,"13-13/1 Võ Văn Ngân, Khu Phố 2, Phường Linh Chiểu, Thành phố Thủ Đức, Hồ Chí Minh",Burger Tex Supreme - Không Cay,59.000 ₫,59000,VND,menu_item_unspecified,09685886-f124-54d4-be95-f9b6180fbad3,src_6bf1b9fce64e57242970,https://food.be.com.vn/ho-chi-minh/ga-ran-texas-chicken-vo-van-ngan-67488,2026-10-09T16:38:26.488146+00:00,b78f5b0f72660beef76c73a1c6419b797f7921e9df9ed959484080910c1aef48,befood,snapshot_observation,,
8131e3cd-bce2-5843-8800-9426c91382ba,Burger,menu_37b38ac2c9640e60d182,venue_9842483d30a05fd0fc3b,Wallace Burger & Chicken - Kha Vạn Cân,"1098 Kha Vạn Cân, Khu Phố 1, Phường Thủ Đức, Hồ Chí Minh",Burger thịt nướng,50.000 ₫,50000,VND,menu_item_unspecified,a2bc1d40-2c9d-5f93-a2f7-ded6657b4673,src_9842483d30a05fd0fc3b,https://food.be.com.vn/ho-chi-minh/wallace-burger-chicken-kha-van-can-126511,2026-10-09T16:38:10.387106+00:00,36336909fd23ee3b0e945853e39cdcaf74377b4696ad27aa69b60c30b3d99596,befood,snapshot_observation,,
8131e3cd-bce2-5843-8800-9426c91382ba,Burger,menu_f5d0b4a797585275136a,venue_4bfab8de4972ca050165,Gà Rán và Mỳ Ý Jollibee - Võ Văn Ngân,"255 Võ Văn Ngân, Khu Phố 4, Phường Linh Chiểu, Thành Phố Thủ Đức, Hồ Chí Minh",Burger Tôm,40.000 ₫,40000,VND,menu_item_unspecified,93190189-abda-58b5-a7ec-d5c8daad2eb2,src_4bfab8de4972ca050165,https://food.be.com.vn/ho-chi-minh/ga-ran-va-my-y-jollibee-vo-van-ngan-98881,2026-10-09T16:38:28.219099+00:00,b31071e502c7de5294915721acf05a345f5ee245ff4740947de1db5597f1e5be,befood,snapshot_observation,,
8131e3cd-bce2-5843-8800-9426c91382ba,Burger,menu_12e8ac2a393d2436fb17,venue_6bf1b9fce64e57242970,Gà Rán Texas Chicken - Võ Văn Ngân,"13-13/1 Võ Văn Ngân, Khu Phố 2, Phường Linh Chiểu, Thành phố Thủ Đức, Hồ Chí Minh",Burger Tôm - Cay,49.000 ₫,49000,VND,menu_item_unspecified,09685886-f124-54d4-be95-f9b6180fbad3,src_6bf1b9fce64e57242970,https://food.be.com.vn/ho-chi-minh/ga-ran-texas-chicken-vo-van-ngan-67488,2026-10-09T16:38:26.488146+00:00,b78f5b0f72660beef76c73a1c6419b797f7921e9df9ed959484080910c1aef48,befood,snapshot_observation,,
8131e3cd-bce2-5843-8800-9426c91382ba,Burger,menu_d98fe949288438d189b1,venue_6bf1b9fce64e57242970,Gà Rán Texas Chicken - Võ Văn Ngân,"13-13/1 Võ Văn Ngân, Khu Phố 2, Phường Linh Chiểu, Thành phố Thủ Đức, Hồ Chí Minh",Burger Tôm - Không Cay,49.000 ₫,49000,VND,menu_item_unspecified,09685886-f124-54d4-be95-f9b6180fbad3,src_6bf1b9fce64e57242970,https://food.be.com.vn/ho-chi-minh/ga-ran-texas-chicken-vo-van-ngan-67488,2026-10-09T16:38:26.488146+00:00,b78f5b0f72660beef76c73a1c6419b797f7921e9df9ed959484080910c1aef48,befood,snapshot_observation,,
8131e3cd-bce2-5843-8800-9426c91382ba,Burger,menu_048ebbedcd80fd5a4c0c,venue_9842483d30a05fd0fc3b,Wallace Burger & Chicken - Kha Vạn Cân,"1098 Kha Vạn Cân, Khu Phố 1, Phường Thủ Đức, Hồ Chí Minh",Hambuger gà điền viên,50.000 ₫,50000,VND,menu_item_unspecified,a2bc1d40-2c9d-5f93-a2f7-ded6657b4673,src_9842483d30a05fd0fc3b,https://food.be.com.vn/ho-chi-minh/wallace-burger-chicken-kha-van-can-126511,2026-10-09T16:38:10.387106+00:00,36336909fd23ee3b0e945853e39cdcaf74377b4696ad27aa69b60c30b3d99596,befood,snapshot_observation,,
8131e3cd-bce2-5843-8800-9426c91382ba,Burger,menu_3d14a5712e7f1edb7eaf,venue_9842483d30a05fd0fc3b,Wallace Burger & Chicken - Kha Vạn Cân,"1098 Kha Vạn Cân, Khu Phố 1, Phường Thủ Đức, Hồ Chí Minh",Hambuger heo nướng,50.000 ₫,50000,VND,menu_item_unspecified,a2bc1d40-2c9d-5f93-a2f7-ded6657b4673,src_9842483d30a05fd0fc3b,https://food.be.com.vn/ho-chi-minh/wallace-burger-chicken-kha-van-can-126511,2026-10-09T16:38:10.387106+00:00,36336909fd23ee3b0e945853e39cdcaf74377b4696ad27aa69b60c30b3d99596,befood,snapshot_observation,,
8131e3cd-bce2-5843-8800-9426c91382ba,Burger,menu_87dc41f8a8356f182c55,venue_9842483d30a05fd0fc3b,Wallace Burger & Chicken - Kha Vạn Cân,"1098 Kha Vạn Cân, Khu Phố 1, Phường Thủ Đức, Hồ Chí Minh",Hambuger tôm,55.000 ₫,55000,VND,menu_item_unspecified,a2bc1d40-2c9d-5f93-a2f7-ded6657b4673,src_9842483d30a05fd0fc3b,https://food.be.com.vn/ho-chi-minh/wallace-burger-chicken-kha-van-can-126511,2026-10-09T16:38:10.387106+00:00,36336909fd23ee3b0e945853e39cdcaf74377b4696ad27aa69b60c30b3d99596,befood,snapshot_observation,,
990393dc-1b1d-5a1a-9ccd-2b0c4ac60572,Bánh bao,menu_30f5a26a11af0f7b74f5,venue_437e34621677d067cf12,LÒ BÁNH MỲ BẢO CHÂU - Hoàng Diệu 2,"242 Đường Hoàng Diệu 2, Linh Chiểu, Thủ Đức, Hồ Chí Minh, Việt Nam",Bánh bao nhân thịt - 2 trứng cút,30.000 ₫,30000,VND,menu_item_unspecified,9c82f366-7255-5f9d-bf6a-19699d27c058,src_437e34621677d067cf12,https://food.be.com.vn/ho-chi-minh/lo-banh-my-bao-chau-hoang-dieu-2-25690,2026-10-09T16:38:38.312817+00:00,73e936d2d8a96a903f30ee770ec07fbd37d2b1f750ed781803c2d5fe4e6003a7,befood,snapshot_observation,,
990393dc-1b1d-5a1a-9ccd-2b0c4ac60572,Bánh bao,menu_756501d5ffdb5a98832a,venue_437e34621677d067cf12,LÒ BÁNH MỲ BẢO CHÂU - Hoàng Diệu 2,"242 Đường Hoàng Diệu 2, Linh Chiểu, Thủ Đức, Hồ Chí Minh, Việt Nam",Bánh bao nhân thịt - xá xíu - trứng muối,35.000 ₫,35000,VND,menu_item_unspecified,9c82f366-7255-5f9d-bf6a-19699d27c058,src_437e34621677d067cf12,https://food.be.com.vn/ho-chi-minh/lo-banh-my-bao-chau-hoang-dieu-2-25690,2026-10-09T16:38:38.312817+00:00,73e936d2d8a96a903f30ee770ec07fbd37d2b1f750ed781803c2d5fe4e6003a7,befood,snapshot_observation,,
a785a621-2cbc-5f16-9274-a47141a8e3c8,Bánh cuốn,menu_500cfa38be779aeba130,venue_50fe72c94e4623506c0f,Bánh Cuốn & Bánh Ướt - Chương Dương,"129 Chương Dương, Linh Chiểu, Thủ Đức, Hồ Chí Minh, Việt Nam",Bánh cuốn,32.000 ₫,32000,VND,menu_item_unspecified,274f6cc1-8d26-54af-9d61-522bc9b2dab4,src_50fe72c94e4623506c0f,https://food.be.com.vn/ho-chi-minh/banh-cuon-banh-uot-chuong-duong-33659,2026-10-09T16:38:56.624036+00:00,06e747a6f574e5013d17d5f57a1eb3134bbb9d33eaeb7f9f9252bd8863c72625,befood,snapshot_observation,,
a785a621-2cbc-5f16-9274-a47141a8e3c8,Bánh cuốn,menu_ed245b9a10338093acf8,venue_50fe72c94e4623506c0f,Bánh Cuốn & Bánh Ướt - Chương Dương,"129 Chương Dương, Linh Chiểu, Thủ Đức, Hồ Chí Minh, Việt Nam",Bánh cuốn trứng,32.000 ₫,32000,VND,menu_item_unspecified,274f6cc1-8d26-54af-9d61-522bc9b2dab4,src_50fe72c94e4623506c0f,https://food.be.com.vn/ho-chi-minh/banh-cuon-banh-uot-chuong-duong-33659,2026-10-09T16:38:56.624036+00:00,06e747a6f574e5013d17d5f57a1eb3134bbb9d33eaeb7f9f9252bd8863c72625,befood,snapshot_observation,,
39da0965-df4e-5ca1-8741-bdb9aeb85f57,Bánh cuộn,menu_650eacdbe4cff00416d3,venue_9842483d30a05fd0fc3b,Wallace Burger & Chicken - Kha Vạn Cân,"1098 Kha Vạn Cân, Khu Phố 1, Phường Thủ Đức, Hồ Chí Minh",Bánh cuộn gà Mexico,32.000 ₫,32000,VND,menu_item_unspecified,a2bc1d40-2c9d-5f93-a2f7-ded6657b4673,src_9842483d30a05fd0fc3b,https://food.be.com.vn/ho-chi-minh/wallace-burger-chicken-kha-van-can-126511,2026-10-09T16:38:10.387106+00:00,36336909fd23ee3b0e945853e39cdcaf74377b4696ad27aa69b60c30b3d99596,befood,snapshot_observation,,
39da0965-df4e-5ca1-8741-bdb9aeb85f57,Bánh cuộn,menu_f9adec3a9043d7afe2f8,venue_6bf1b9fce64e57242970,Gà Rán Texas Chicken - Võ Văn Ngân,"13-13/1 Võ Văn Ngân, Khu Phố 2, Phường Linh Chiểu, Thành phố Thủ Đức, Hồ Chí Minh",01 Bánh Cuộn Hải Sản,49.000 ₫,49000,VND,menu_item_unspecified,09685886-f124-54d4-be95-f9b6180fbad3,src_6bf1b9fce64e57242970,https://food.be.com.vn/ho-chi-minh/ga-ran-texas-chicken-vo-van-ngan-67488,2026-10-09T16:38:26.488146+00:00,b78f5b0f72660beef76c73a1c6419b797f7921e9df9ed959484080910c1aef48,befood,snapshot_observation,,
39da0965-df4e-5ca1-8741-bdb9aeb85f57,Bánh cuộn,menu_9d9ba1ff47265d7c5600,venue_6bf1b9fce64e57242970,Gà Rán Texas Chicken - Võ Văn Ngân,"13-13/1 Võ Văn Ngân, Khu Phố 2, Phường Linh Chiểu, Thành phố Thủ Đức, Hồ Chí Minh",Bánh cuộn Mexicana - Cay,69.000 ₫,69000,VND,menu_item_unspecified,09685886-f124-54d4-be95-f9b6180fbad3,src_6bf1b9fce64e57242970,https://food.be.com.vn/ho-chi-minh/ga-ran-texas-chicken-vo-van-ngan-67488,2026-10-09T16:38:26.488146+00:00,b78f5b0f72660beef76c73a1c6419b797f7921e9df9ed959484080910c1aef48,befood,snapshot_observation,,
39da0965-df4e-5ca1-8741-bdb9aeb85f57,Bánh cuộn,menu_2d48fa143efbcbc76485,venue_6bf1b9fce64e57242970,Gà Rán Texas Chicken - Võ Văn Ngân,"13-13/1 Võ Văn Ngân, Khu Phố 2, Phường Linh Chiểu, Thành phố Thủ Đức, Hồ Chí Minh",Bánh cuộn Mexicana - Không Cay,69.000 ₫,69000,VND,menu_item_unspecified,09685886-f124-54d4-be95-f9b6180fbad3,src_6bf1b9fce64e57242970,https://food.be.com.vn/ho-chi-minh/ga-ran-texas-chicken-vo-van-ngan-67488,2026-10-09T16:38:26.488146+00:00,b78f5b0f72660beef76c73a1c6419b797f7921e9df9ed959484080910c1aef48,befood,snapshot_observation,,
39da0965-df4e-5ca1-8741-bdb9aeb85f57,Bánh cuộn,menu_e153e24190f97d8b307f,venue_6bf1b9fce64e57242970,Gà Rán Texas Chicken - Võ Văn Ngân,"13-13/1 Võ Văn Ngân, Khu Phố 2, Phường Linh Chiểu, Thành phố Thủ Đức, Hồ Chí Minh",Bánh cuộn Tex - Cay,59.000 ₫,59000,VND,menu_item_unspecified,09685886-f124-54d4-be95-f9b6180fbad3,src_6bf1b9fce64e57242970,https://food.be.com.vn/ho-chi-minh/ga-ran-texas-chicken-vo-van-ngan-67488,2026-10-09T16:38:26.488146+00:00,b78f5b0f72660beef76c73a1c6419b797f7921e9df9ed959484080910c1aef48,befood,snapshot_observation,,
39da0965-df4e-5ca1-8741-bdb9aeb85f57,Bánh cuộn,menu_e0eba3c9b78f4cb77910,venue_6bf1b9fce64e57242970,Gà Rán Texas Chicken - Võ Văn Ngân,"13-13/1 Võ Văn Ngân, Khu Phố 2, Phường Linh Chiểu, Thành phố Thủ Đức, Hồ Chí Minh",Bánh cuộn Tex - Không Cay,59.000 ₫,59000,VND,menu_item_unspecified,09685886-f124-54d4-be95-f9b6180fbad3,src_6bf1b9fce64e57242970,https://food.be.com.vn/ho-chi-minh/ga-ran-texas-chicken-vo-van-ngan-67488,2026-10-09T16:38:26.488146+00:00,b78f5b0f72660beef76c73a1c6419b797f7921e9df9ed959484080910c1aef48,befood,snapshot_observation,,
00cf348d-3c93-5940-b6ab-4fff39bcc886,Bánh mì,menu_9f27a7f9309b73e5eed1,venue_437e34621677d067cf12,LÒ BÁNH MỲ BẢO CHÂU - Hoàng Diệu 2,"242 Đường Hoàng Diệu 2, Linh Chiểu, Thủ Đức, Hồ Chí Minh, Việt Nam",Bánh mì thập Cẩm - nhỏ,30.000 ₫,30000,VND,menu_item_unspecified,9c82f366-7255-5f9d-bf6a-19699d27c058,src_437e34621677d067cf12,https://food.be.com.vn/ho-chi-minh/lo-banh-my-bao-chau-hoang-dieu-2-25690,2026-10-09T16:38:38.312817+00:00,73e936d2d8a96a903f30ee770ec07fbd37d2b1f750ed781803c2d5fe4e6003a7,befood,snapshot_observation,,
00cf348d-3c93-5940-b6ab-4fff39bcc886,Bánh mì,menu_b3e1acfbbd15c50ba691,venue_96cb183c657714899fc9,"Bánh Mì, Xôi Xíu Mại & Xá Xíu - Đặng Văn Bi","104 Đặng Văn Bi, Phường Thủ Đức, Hồ Chí Minh",Bánh mì thập cẩm,45.000 ₫,45000,VND,menu_item_unspecified,cd026318-9480-5df6-a3a9-6fe05474f62c,src_96cb183c657714899fc9,https://food.be.com.vn/ho-chi-minh/banh-mi-xoi-xiu-mai-xa-xiu-dang-van-bi-120584,2026-10-09T16:38:36.331674+00:00,5a9f033cc36a98bb1c42bd56e2f9497e76eff86f41b6f8d307d54e598ab1d076,befood,snapshot_observation,,
00cf348d-3c93-5940-b6ab-4fff39bcc886,Bánh mì,menu_d0ec65277f25c495dc7c,venue_437e34621677d067cf12,LÒ BÁNH MỲ BẢO CHÂU - Hoàng Diệu 2,"242 Đường Hoàng Diệu 2, Linh Chiểu, Thủ Đức, Hồ Chí Minh, Việt Nam",Bánh mì thập Cẩm - lớn,40.000 ₫,40000,VND,menu_item_unspecified,9c82f366-7255-5f9d-bf6a-19699d27c058,src_437e34621677d067cf12,https://food.be.com.vn/ho-chi-minh/lo-banh-my-bao-chau-hoang-dieu-2-25690,2026-10-09T16:38:38.312817+00:00,73e936d2d8a96a903f30ee770ec07fbd37d2b1f750ed781803c2d5fe4e6003a7,befood,snapshot_observation,,
00cf348d-3c93-5940-b6ab-4fff39bcc886,Bánh mì,menu_3dc8d65c0a4a51beb35c,venue_50fe72c94e4623506c0f,Bánh Cuốn & Bánh Ướt - Chương Dương,"129 Chương Dương, Linh Chiểu, Thủ Đức, Hồ Chí Minh, Việt Nam",Bánh mì thịt nướng,22.000 ₫,22000,VND,menu_item_unspecified,274f6cc1-8d26-54af-9d61-522bc9b2dab4,src_50fe72c94e4623506c0f,https://food.be.com.vn/ho-chi-minh/banh-cuon-banh-uot-chuong-duong-33659,2026-10-09T16:38:56.624036+00:00,06e747a6f574e5013d17d5f57a1eb3134bbb9d33eaeb7f9f9252bd8863c72625,befood,snapshot_observation,,
00cf348d-3c93-5940-b6ab-4fff39bcc886,Bánh mì,menu_aabe636b97d179594b59,venue_96cb183c657714899fc9,"Bánh Mì, Xôi Xíu Mại & Xá Xíu - Đặng Văn Bi","104 Đặng Văn Bi, Phường Thủ Đức, Hồ Chí Minh",Bánh Mì Thịt Nướng,45.000 ₫,45000,VND,menu_item_unspecified,cd026318-9480-5df6-a3a9-6fe05474f62c,src_96cb183c657714899fc9,https://food.be.com.vn/ho-chi-minh/banh-mi-xoi-xiu-mai-xa-xiu-dang-van-bi-120584,2026-10-09T16:38:36.331674+00:00,5a9f033cc36a98bb1c42bd56e2f9497e76eff86f41b6f8d307d54e598ab1d076,befood,snapshot_observation,,
00cf348d-3c93-5940-b6ab-4fff39bcc886,Bánh mì,menu_68a2d7913c64e73e0f33,venue_96cb183c657714899fc9,"Bánh Mì, Xôi Xíu Mại & Xá Xíu - Đặng Văn Bi","104 Đặng Văn Bi, Phường Thủ Đức, Hồ Chí Minh",Bánh mì xíu mại,29.000 ₫,29000,VND,menu_item_unspecified,cd026318-9480-5df6-a3a9-6fe05474f62c,src_96cb183c657714899fc9,https://food.be.com.vn/ho-chi-minh/banh-mi-xoi-xiu-mai-xa-xiu-dang-van-bi-120584,2026-10-09T16:38:36.331674+00:00,5a9f033cc36a98bb1c42bd56e2f9497e76eff86f41b6f8d307d54e598ab1d076,befood,snapshot_observation,,
00cf348d-3c93-5940-b6ab-4fff39bcc886,Bánh mì,menu_a182dcac9cefa6b29ac4,venue_437e34621677d067cf12,LÒ BÁNH MỲ BẢO CHÂU - Hoàng Diệu 2,"242 Đường Hoàng Diệu 2, Linh Chiểu, Thủ Đức, Hồ Chí Minh, Việt Nam",Bánh mì xíu mại - lớn,40.000 ₫,40000,VND,menu_item_unspecified,9c82f366-7255-5f9d-bf6a-19699d27c058,src_437e34621677d067cf12,https://food.be.com.vn/ho-chi-minh/lo-banh-my-bao-chau-hoang-dieu-2-25690,2026-10-09T16:38:38.312817+00:00,73e936d2d8a96a903f30ee770ec07fbd37d2b1f750ed781803c2d5fe4e6003a7,befood,snapshot_observation,,
00cf348d-3c93-5940-b6ab-4fff39bcc886,Bánh mì,menu_f39dd0d60d35ba5cfe41,venue_437e34621677d067cf12,LÒ BÁNH MỲ BẢO CHÂU - Hoàng Diệu 2,"242 Đường Hoàng Diệu 2, Linh Chiểu, Thủ Đức, Hồ Chí Minh, Việt Nam",Bánh mì xíu mại - nhỏ,30.000 ₫,30000,VND,menu_item_unspecified,9c82f366-7255-5f9d-bf6a-19699d27c058,src_437e34621677d067cf12,https://food.be.com.vn/ho-chi-minh/lo-banh-my-bao-chau-hoang-dieu-2-25690,2026-10-09T16:38:38.312817+00:00,73e936d2d8a96a903f30ee770ec07fbd37d2b1f750ed781803c2d5fe4e6003a7,befood,snapshot_observation,,
00cf348d-3c93-5940-b6ab-4fff39bcc886,Bánh mì,menu_78afa09cec806e769bd2,venue_96cb183c657714899fc9,"Bánh Mì, Xôi Xíu Mại & Xá Xíu - Đặng Văn Bi","104 Đặng Văn Bi, Phường Thủ Đức, Hồ Chí Minh",Bánh mì 1 trứng,22.000 ₫,22000,VND,menu_item_unspecified,cd026318-9480-5df6-a3a9-6fe05474f62c,src_96cb183c657714899fc9,https://food.be.com.vn/ho-chi-minh/banh-mi-xoi-xiu-mai-xa-xiu-dang-van-bi-120584,2026-10-09T16:38:36.331674+00:00,5a9f033cc36a98bb1c42bd56e2f9497e76eff86f41b6f8d307d54e598ab1d076,befood,snapshot_observation,,
00cf348d-3c93-5940-b6ab-4fff39bcc886,Bánh mì,menu_eb37c1ae9cb2febc5595,venue_96cb183c657714899fc9,"Bánh Mì, Xôi Xíu Mại & Xá Xíu - Đặng Văn Bi","104 Đặng Văn Bi, Phường Thủ Đức, Hồ Chí Minh",Bánh mì 2 trứng,29.000 ₫,29000,VND,menu_item_unspecified,cd026318-9480-5df6-a3a9-6fe05474f62c,src_96cb183c657714899fc9,https://food.be.com.vn/ho-chi-minh/banh-mi-xoi-xiu-mai-xa-xiu-dang-van-bi-120584,2026-10-09T16:38:36.331674+00:00,5a9f033cc36a98bb1c42bd56e2f9497e76eff86f41b6f8d307d54e598ab1d076,befood,snapshot_observation,,
00cf348d-3c93-5940-b6ab-4fff39bcc886,Bánh mì,menu_f9c0db4092f5b6de8900,venue_96cb183c657714899fc9,"Bánh Mì, Xôi Xíu Mại & Xá Xíu - Đặng Văn Bi","104 Đặng Văn Bi, Phường Thủ Đức, Hồ Chí Minh",Bánh mì A xíu,36.000 ₫,36000,VND,menu_item_unspecified,cd026318-9480-5df6-a3a9-6fe05474f62c,src_96cb183c657714899fc9,https://food.be.com.vn/ho-chi-minh/banh-mi-xoi-xiu-mai-xa-xiu-dang-van-bi-120584,2026-10-09T16:38:36.331674+00:00,5a9f033cc36a98bb1c42bd56e2f9497e76eff86f41b6f8d307d54e598ab1d076,befood,snapshot_observation,,
00cf348d-3c93-5940-b6ab-4fff39bcc886,Bánh mì,menu_1af6e5195f4fc77f97f7,venue_437e34621677d067cf12,LÒ BÁNH MỲ BẢO CHÂU - Hoàng Diệu 2,"242 Đường Hoàng Diệu 2, Linh Chiểu, Thủ Đức, Hồ Chí Minh, Việt Nam",Bánh mì chà bông - lớn,40.000 ₫,40000,VND,menu_item_unspecified,9c82f366-7255-5f9d-bf6a-19699d27c058,src_437e34621677d067cf12,https://food.be.com.vn/ho-chi-minh/lo-banh-my-bao-chau-hoang-dieu-2-25690,2026-10-09T16:38:38.312817+00:00,73e936d2d8a96a903f30ee770ec07fbd37d2b1f750ed781803c2d5fe4e6003a7,befood,snapshot_observation,,
00cf348d-3c93-5940-b6ab-4fff39bcc886,Bánh mì,menu_8f7565e50ea716d86c62,venue_437e34621677d067cf12,LÒ BÁNH MỲ BẢO CHÂU - Hoàng Diệu 2,"242 Đường Hoàng Diệu 2, Linh Chiểu, Thủ Đức, Hồ Chí Minh, Việt Nam",Bánh mì chà bông - nhỏ,30.000 ₫,30000,VND,menu_item_unspecified,9c82f366-7255-5f9d-bf6a-19699d27c058,src_437e34621677d067cf12,https://food.be.com.vn/ho-chi-minh/lo-banh-my-bao-chau-hoang-dieu-2-25690,2026-10-09T16:38:38.312817+00:00,73e936d2d8a96a903f30ee770ec07fbd37d2b1f750ed781803c2d5fe4e6003a7,befood,snapshot_observation,,
00cf348d-3c93-5940-b6ab-4fff39bcc886,Bánh mì,menu_952e852803be93374319,venue_96cb183c657714899fc9,"Bánh Mì, Xôi Xíu Mại & Xá Xíu - Đặng Văn Bi","104 Đặng Văn Bi, Phường Thủ Đức, Hồ Chí Minh",Bánh mì chả,29.000 ₫,29000,VND,menu_item_unspecified,cd026318-9480-5df6-a3a9-6fe05474f62c,src_96cb183c657714899fc9,https://food.be.com.vn/ho-chi-minh/banh-mi-xoi-xiu-mai-xa-xiu-dang-van-bi-120584,2026-10-09T16:38:36.331674+00:00,5a9f033cc36a98bb1c42bd56e2f9497e76eff86f41b6f8d307d54e598ab1d076,befood,snapshot_observation,,
00cf348d-3c93-5940-b6ab-4fff39bcc886,Bánh mì,menu_2cf63c6d6bd87952292f,venue_96cb183c657714899fc9,"Bánh Mì, Xôi Xíu Mại & Xá Xíu - Đặng Văn Bi","104 Đặng Văn Bi, Phường Thủ Đức, Hồ Chí Minh",Bánh mì chả cá,29.000 ₫,29000,VND,menu_item_unspecified,cd026318-9480-5df6-a3a9-6fe05474f62c,src_96cb183c657714899fc9,https://food.be.com.vn/ho-chi-minh/banh-mi-xoi-xiu-mai-xa-xiu-dang-van-bi-120584,2026-10-09T16:38:36.331674+00:00,5a9f033cc36a98bb1c42bd56e2f9497e76eff86f41b6f8d307d54e598ab1d076,befood,snapshot_observation,,
00cf348d-3c93-5940-b6ab-4fff39bcc886,Bánh mì,menu_8ab8064fac2bdb7042d1,venue_437e34621677d067cf12,LÒ BÁNH MỲ BẢO CHÂU - Hoàng Diệu 2,"242 Đường Hoàng Diệu 2, Linh Chiểu, Thủ Đức, Hồ Chí Minh, Việt Nam",Bánh mì chả lụa - nhỏ,30.000 ₫,30000,VND,menu_item_unspecified,9c82f366-7255-5f9d-bf6a-19699d27c058,src_437e34621677d067cf12,https://food.be.com.vn/ho-chi-minh/lo-banh-my-bao-chau-hoang-dieu-2-25690,2026-10-09T16:38:38.312817+00:00,73e936d2d8a96a903f30ee770ec07fbd37d2b1f750ed781803c2d5fe4e6003a7,befood,snapshot_observation,,
00cf348d-3c93-5940-b6ab-4fff39bcc886,Bánh mì,menu_9f8bf55d47b0535cb6a1,venue_437e34621677d067cf12,LÒ BÁNH MỲ BẢO CHÂU - Hoàng Diệu 2,"242 Đường Hoàng Diệu 2, Linh Chiểu, Thủ Đức, Hồ Chí Minh, Việt Nam",Bánh mì chả lụa - lớn,40.000 ₫,40000,VND,menu_item_unspecified,9c82f366-7255-5f9d-bf6a-19699d27c058,src_437e34621677d067cf12,https://food.be.com.vn/ho-chi-minh/lo-banh-my-bao-chau-hoang-dieu-2-25690,2026-10-09T16:38:38.312817+00:00,73e936d2d8a96a903f30ee770ec07fbd37d2b1f750ed781803c2d5fe4e6003a7,befood,snapshot_observation,,
00cf348d-3c93-5940-b6ab-4fff39bcc886,Bánh mì,menu_328db74816c52c8178bc,venue_96cb183c657714899fc9,"Bánh Mì, Xôi Xíu Mại & Xá Xíu - Đặng Văn Bi","104 Đặng Văn Bi, Phường Thủ Đức, Hồ Chí Minh",Bánh mì chấm,45.000 ₫,45000,VND,menu_item_unspecified,cd026318-9480-5df6-a3a9-6fe05474f62c,src_96cb183c657714899fc9,https://food.be.com.vn/ho-chi-minh/banh-mi-xoi-xiu-mai-xa-xiu-dang-van-bi-120584,2026-10-09T16:38:36.331674+00:00,5a9f033cc36a98bb1c42bd56e2f9497e76eff86f41b6f8d307d54e598ab1d076,befood,snapshot_observation,,
00cf348d-3c93-5940-b6ab-4fff39bcc886,Bánh mì,menu_93899b73a95322812895,venue_96cb183c657714899fc9,"Bánh Mì, Xôi Xíu Mại & Xá Xíu - Đặng Văn Bi","104 Đặng Văn Bi, Phường Thủ Đức, Hồ Chí Minh",Bánh mì chấm đặc biệt,50.000 ₫,50000,VND,menu_item_unspecified,cd026318-9480-5df6-a3a9-6fe05474f62c,src_96cb183c657714899fc9,https://food.be.com.vn/ho-chi-minh/banh-mi-xoi-xiu-mai-xa-xiu-dang-van-bi-120584,2026-10-09T16:38:36.331674+00:00,5a9f033cc36a98bb1c42bd56e2f9497e76eff86f41b6f8d307d54e598ab1d076,befood,snapshot_observation,,
00cf348d-3c93-5940-b6ab-4fff39bcc886,Bánh mì,menu_4068b5d1934ddc98557a,venue_437e34621677d067cf12,LÒ BÁNH MỲ BẢO CHÂU - Hoàng Diệu 2,"242 Đường Hoàng Diệu 2, Linh Chiểu, Thủ Đức, Hồ Chí Minh, Việt Nam",Bánh mì cá hộp - lớn,40.000 ₫,40000,VND,menu_item_unspecified,9c82f366-7255-5f9d-bf6a-19699d27c058,src_437e34621677d067cf12,https://food.be.com.vn/ho-chi-minh/lo-banh-my-bao-chau-hoang-dieu-2-25690,2026-10-09T16:38:38.312817+00:00,73e936d2d8a96a903f30ee770ec07fbd37d2b1f750ed781803c2d5fe4e6003a7,befood,snapshot_observation,,
00cf348d-3c93-5940-b6ab-4fff39bcc886,Bánh mì,menu_d9a8e2975d3a958c41bd,venue_437e34621677d067cf12,LÒ BÁNH MỲ BẢO CHÂU - Hoàng Diệu 2,"242 Đường Hoàng Diệu 2, Linh Chiểu, Thủ Đức, Hồ Chí Minh, Việt Nam",Bánh mì cá hộp - nhỏ,30.000 ₫,30000,VND,menu_item_unspecified,9c82f366-7255-5f9d-bf6a-19699d27c058,src_437e34621677d067cf12,https://food.be.com.vn/ho-chi-minh/lo-banh-my-bao-chau-hoang-dieu-2-25690,2026-10-09T16:38:38.312817+00:00,73e936d2d8a96a903f30ee770ec07fbd37d2b1f750ed781803c2d5fe4e6003a7,befood,snapshot_observation,,
00cf348d-3c93-5940-b6ab-4fff39bcc886,Bánh mì,menu_063738d6919ba8af4d4d,venue_437e34621677d067cf12,LÒ BÁNH MỲ BẢO CHÂU - Hoàng Diệu 2,"242 Đường Hoàng Diệu 2, Linh Chiểu, Thủ Đức, Hồ Chí Minh, Việt Nam",Bánh mì heo quay - nhỏ,30.000 ₫,30000,VND,menu_item_unspecified,9c82f366-7255-5f9d-bf6a-19699d27c058,src_437e34621677d067cf12,https://food.be.com.vn/ho-chi-minh/lo-banh-my-bao-chau-hoang-dieu-2-25690,2026-10-09T16:38:38.312817+00:00,73e936d2d8a96a903f30ee770ec07fbd37d2b1f750ed781803c2d5fe4e6003a7,befood,snapshot_observation,,
00cf348d-3c93-5940-b6ab-4fff39bcc886,Bánh mì,menu_9487bba63d26fc45a821,venue_437e34621677d067cf12,LÒ BÁNH MỲ BẢO CHÂU - Hoàng Diệu 2,"242 Đường Hoàng Diệu 2, Linh Chiểu, Thủ Đức, Hồ Chí Minh, Việt Nam",Bánh mì heo quay - lớn,40.000 ₫,40000,VND,menu_item_unspecified,9c82f366-7255-5f9d-bf6a-19699d27c058,src_437e34621677d067cf12,https://food.be.com.vn/ho-chi-minh/lo-banh-my-bao-chau-hoang-dieu-2-25690,2026-10-09T16:38:38.312817+00:00,73e936d2d8a96a903f30ee770ec07fbd37d2b1f750ed781803c2d5fe4e6003a7,befood,snapshot_observation,,
00cf348d-3c93-5940-b6ab-4fff39bcc886,Bánh mì,menu_4dab87a2f831123787f2,venue_9251309d510552dc4282,Phá Lấu Cô Phương - Hiệp Bình,"176 Hiệp Bình, Phường Hiệp Bình Chánh, Thành Phố Thủ Đức, Hồ Chí Minh",Bánh mì phá lấu vừa,50.000 ₫,50000,VND,menu_item_unspecified,7653a338-3eb4-5ec9-851c-8d3574c3b0b8,src_9251309d510552dc4282,https://food.be.com.vn/ho-chi-minh/pha-lau-co-phuong-hiep-binh-46636,2026-10-09T16:38:46.521162+00:00,5e25226ac9ca8e150f616a5fa03905df5677e781df3d65a8b76d2818cdac0e8b,befood,snapshot_observation,,
00cf348d-3c93-5940-b6ab-4fff39bcc886,Bánh mì,menu_70350b71b7ba6cba96d3,venue_9251309d510552dc4282,Phá Lấu Cô Phương - Hiệp Bình,"176 Hiệp Bình, Phường Hiệp Bình Chánh, Thành Phố Thủ Đức, Hồ Chí Minh",Bánh mì phá lấu nhỏ,40.000 ₫,40000,VND,menu_item_unspecified,7653a338-3eb4-5ec9-851c-8d3574c3b0b8,src_9251309d510552dc4282,https://food.be.com.vn/ho-chi-minh/pha-lau-co-phuong-hiep-binh-46636,2026-10-09T16:38:46.521162+00:00,5e25226ac9ca8e150f616a5fa03905df5677e781df3d65a8b76d2818cdac0e8b,befood,snapshot_observation,,
00cf348d-3c93-5940-b6ab-4fff39bcc886,Bánh mì,menu_7113b8c4202af5727d94,venue_9251309d510552dc4282,Phá Lấu Cô Phương - Hiệp Bình,"176 Hiệp Bình, Phường Hiệp Bình Chánh, Thành Phố Thủ Đức, Hồ Chí Minh",Bánh mì phá lấu lớn,60.000 ₫,60000,VND,menu_item_unspecified,7653a338-3eb4-5ec9-851c-8d3574c3b0b8,src_9251309d510552dc4282,https://food.be.com.vn/ho-chi-minh/pha-lau-co-phuong-hiep-binh-46636,2026-10-09T16:38:46.521162+00:00,5e25226ac9ca8e150f616a5fa03905df5677e781df3d65a8b76d2818cdac0e8b,befood,snapshot_observation,,
00cf348d-3c93-5940-b6ab-4fff39bcc886,Bánh mì,menu_383cc04c7c1b9b9b3db9,venue_437e34621677d067cf12,LÒ BÁNH MỲ BẢO CHÂU - Hoàng Diệu 2,"242 Đường Hoàng Diệu 2, Linh Chiểu, Thủ Đức, Hồ Chí Minh, Việt Nam",Bánh mì phô mai - lớn,35.000 ₫,35000,VND,menu_item_unspecified,9c82f366-7255-5f9d-bf6a-19699d27c058,src_437e34621677d067cf12,https://food.be.com.vn/ho-chi-minh/lo-banh-my-bao-chau-hoang-dieu-2-25690,2026-10-09T16:38:38.312817+00:00,73e936d2d8a96a903f30ee770ec07fbd37d2b1f750ed781803c2d5fe4e6003a7,befood,snapshot_observation,,
00cf348d-3c93-5940-b6ab-4fff39bcc886,Bánh mì,menu_6b551ae6af3cd7f32eb0,venue_437e34621677d067cf12,LÒ BÁNH MỲ BẢO CHÂU - Hoàng Diệu 2,"242 Đường Hoàng Diệu 2, Linh Chiểu, Thủ Đức, Hồ Chí Minh, Việt Nam",Bánh mì phô mai - nhỏ,30.000 ₫,30000,VND,menu_item_unspecified,9c82f366-7255-5f9d-bf6a-19699d27c058,src_437e34621677d067cf12,https://food.be.com.vn/ho-chi-minh/lo-banh-my-bao-chau-hoang-dieu-2-25690,2026-10-09T16:38:38.312817+00:00,73e936d2d8a96a903f30ee770ec07fbd37d2b1f750ed781803c2d5fe4e6003a7,befood,snapshot_observation,,
00cf348d-3c93-5940-b6ab-4fff39bcc886,Bánh mì,menu_590f0f5edde6d0347d3e,venue_96cb183c657714899fc9,"Bánh Mì, Xôi Xíu Mại & Xá Xíu - Đặng Văn Bi","104 Đặng Văn Bi, Phường Thủ Đức, Hồ Chí Minh",Bánh mì phô mai lát,29.000 ₫,29000,VND,menu_item_unspecified,cd026318-9480-5df6-a3a9-6fe05474f62c,src_96cb183c657714899fc9,https://food.be.com.vn/ho-chi-minh/banh-mi-xoi-xiu-mai-xa-xiu-dang-van-bi-120584,2026-10-09T16:38:36.331674+00:00,5a9f033cc36a98bb1c42bd56e2f9497e76eff86f41b6f8d307d54e598ab1d076,befood,snapshot_observation,,
00cf348d-3c93-5940-b6ab-4fff39bcc886,Bánh mì,menu_35bc18bd766ffd63bc2f,venue_437e34621677d067cf12,LÒ BÁNH MỲ BẢO CHÂU - Hoàng Diệu 2,"242 Đường Hoàng Diệu 2, Linh Chiểu, Thủ Đức, Hồ Chí Minh, Việt Nam",Bánh mì thịt nguội - nhỏ,30.000 ₫,30000,VND,menu_item_unspecified,9c82f366-7255-5f9d-bf6a-19699d27c058,src_437e34621677d067cf12,https://food.be.com.vn/ho-chi-minh/lo-banh-my-bao-chau-hoang-dieu-2-25690,2026-10-09T16:38:38.312817+00:00,73e936d2d8a96a903f30ee770ec07fbd37d2b1f750ed781803c2d5fe4e6003a7,befood,snapshot_observation,,
00cf348d-3c93-5940-b6ab-4fff39bcc886,Bánh mì,menu_5d6a5a1e085e5d1862af,venue_437e34621677d067cf12,LÒ BÁNH MỲ BẢO CHÂU - Hoàng Diệu 2,"242 Đường Hoàng Diệu 2, Linh Chiểu, Thủ Đức, Hồ Chí Minh, Việt Nam",Bánh mì thịt nguội - lớn,40.000 ₫,40000,VND,menu_item_unspecified,9c82f366-7255-5f9d-bf6a-19699d27c058,src_437e34621677d067cf12,https://food.be.com.vn/ho-chi-minh/lo-banh-my-bao-chau-hoang-dieu-2-25690,2026-10-09T16:38:38.312817+00:00,73e936d2d8a96a903f30ee770ec07fbd37d2b1f750ed781803c2d5fe4e6003a7,befood,snapshot_observation,,
00cf348d-3c93-5940-b6ab-4fff39bcc886,Bánh mì,menu_68cc3a5bc4ea0edad7f8,venue_437e34621677d067cf12,LÒ BÁNH MỲ BẢO CHÂU - Hoàng Diệu 2,"242 Đường Hoàng Diệu 2, Linh Chiểu, Thủ Đức, Hồ Chí Minh, Việt Nam",Bánh mì trứng - 1 trứng,25.000 ₫,25000,VND,menu_item_unspecified,9c82f366-7255-5f9d-bf6a-19699d27c058,src_437e34621677d067cf12,https://food.be.com.vn/ho-chi-minh/lo-banh-my-bao-chau-hoang-dieu-2-25690,2026-10-09T16:38:38.312817+00:00,73e936d2d8a96a903f30ee770ec07fbd37d2b1f750ed781803c2d5fe4e6003a7,befood,snapshot_observation,,
00cf348d-3c93-5940-b6ab-4fff39bcc886,Bánh mì,menu_22543e90a67f3d31d0ba,venue_437e34621677d067cf12,LÒ BÁNH MỲ BẢO CHÂU - Hoàng Diệu 2,"242 Đường Hoàng Diệu 2, Linh Chiểu, Thủ Đức, Hồ Chí Minh, Việt Nam",Bánh mì trứng - 2 trứng,30.000 ₫,30000,VND,menu_item_unspecified,9c82f366-7255-5f9d-bf6a-19699d27c058,src_437e34621677d067cf12,https://food.be.com.vn/ho-chi-minh/lo-banh-my-bao-chau-hoang-dieu-2-25690,2026-10-09T16:38:38.312817+00:00,73e936d2d8a96a903f30ee770ec07fbd37d2b1f750ed781803c2d5fe4e6003a7,befood,snapshot_observation,,
00cf348d-3c93-5940-b6ab-4fff39bcc886,Bánh mì,menu_faf75d80dc8c7aa7b422,venue_96cb183c657714899fc9,"Bánh Mì, Xôi Xíu Mại & Xá Xíu - Đặng Văn Bi","104 Đặng Văn Bi, Phường Thủ Đức, Hồ Chí Minh",Bánh mì xá xíu,29.000 ₫,29000,VND,menu_item_unspecified,cd026318-9480-5df6-a3a9-6fe05474f62c,src_96cb183c657714899fc9,https://food.be.com.vn/ho-chi-minh/banh-mi-xoi-xiu-mai-xa-xiu-dang-van-bi-120584,2026-10-09T16:38:36.331674+00:00,5a9f033cc36a98bb1c42bd56e2f9497e76eff86f41b6f8d307d54e598ab1d076,befood,snapshot_observation,,
00cf348d-3c93-5940-b6ab-4fff39bcc886,Bánh mì,menu_26952d6eb7082c6ec130,venue_437e34621677d067cf12,LÒ BÁNH MỲ BẢO CHÂU - Hoàng Diệu 2,"242 Đường Hoàng Diệu 2, Linh Chiểu, Thủ Đức, Hồ Chí Minh, Việt Nam",Bánh mì xúc xích - lớn,35.000 ₫,35000,VND,menu_item_unspecified,9c82f366-7255-5f9d-bf6a-19699d27c058,src_437e34621677d067cf12,https://food.be.com.vn/ho-chi-minh/lo-banh-my-bao-chau-hoang-dieu-2-25690,2026-10-09T16:38:38.312817+00:00,73e936d2d8a96a903f30ee770ec07fbd37d2b1f750ed781803c2d5fe4e6003a7,befood,snapshot_observation,,
00cf348d-3c93-5940-b6ab-4fff39bcc886,Bánh mì,menu_4f6eeb02e5f6592edada,venue_437e34621677d067cf12,LÒ BÁNH MỲ BẢO CHÂU - Hoàng Diệu 2,"242 Đường Hoàng Diệu 2, Linh Chiểu, Thủ Đức, Hồ Chí Minh, Việt Nam",Bánh mì xúc xích - nhỏ,30.000 ₫,30000,VND,menu_item_unspecified,9c82f366-7255-5f9d-bf6a-19699d27c058,src_437e34621677d067cf12,https://food.be.com.vn/ho-chi-minh/lo-banh-my-bao-chau-hoang-dieu-2-25690,2026-10-09T16:38:38.312817+00:00,73e936d2d8a96a903f30ee770ec07fbd37d2b1f750ed781803c2d5fe4e6003a7,befood,snapshot_observation,,
00cf348d-3c93-5940-b6ab-4fff39bcc886,Bánh mì,menu_bd3a30bec5022b82dbc7,venue_437e34621677d067cf12,LÒ BÁNH MỲ BẢO CHÂU - Hoàng Diệu 2,"242 Đường Hoàng Diệu 2, Linh Chiểu, Thủ Đức, Hồ Chí Minh, Việt Nam",Bánh mì đặc biệt,40.000 ₫,40000,VND,menu_item_unspecified,9c82f366-7255-5f9d-bf6a-19699d27c058,src_437e34621677d067cf12,https://food.be.com.vn/ho-chi-minh/lo-banh-my-bao-chau-hoang-dieu-2-25690,2026-10-09T16:38:38.312817+00:00,73e936d2d8a96a903f30ee770ec07fbd37d2b1f750ed781803c2d5fe4e6003a7,befood,snapshot_observation,,
620d6a2f-02a2-532f-b254-c37f3713ba04,Bánh ướt,menu_fcba5a7097f21b5b2fb8,venue_50fe72c94e4623506c0f,Bánh Cuốn & Bánh Ướt - Chương Dương,"129 Chương Dương, Linh Chiểu, Thủ Đức, Hồ Chí Minh, Việt Nam",Bánh ướt,27.000 ₫,27000,VND,menu_item_unspecified,274f6cc1-8d26-54af-9d61-522bc9b2dab4,src_50fe72c94e4623506c0f,https://food.be.com.vn/ho-chi-minh/banh-cuon-banh-uot-chuong-duong-33659,2026-10-09T16:38:56.624036+00:00,06e747a6f574e5013d17d5f57a1eb3134bbb9d33eaeb7f9f9252bd8863c72625,befood,snapshot_observation,,
620d6a2f-02a2-532f-b254-c37f3713ba04,Bánh ướt,menu_c34f0f884b5603bb5cad,venue_50fe72c94e4623506c0f,Bánh Cuốn & Bánh Ướt - Chương Dương,"129 Chương Dương, Linh Chiểu, Thủ Đức, Hồ Chí Minh, Việt Nam",Bánh ướt thịt nướng,32.000 ₫,32000,VND,menu_item_unspecified,274f6cc1-8d26-54af-9d61-522bc9b2dab4,src_50fe72c94e4623506c0f,https://food.be.com.vn/ho-chi-minh/banh-cuon-banh-uot-chuong-duong-33659,2026-10-09T16:38:56.624036+00:00,06e747a6f574e5013d17d5f57a1eb3134bbb9d33eaeb7f9f9252bd8863c72625,befood,snapshot_observation,,
ff74d5af-05b6-5f9a-9012-f8a2aadefb0c,Bún bò,menu_028a60e0c694af9d1dd9,venue_554ee5d1ce5a2abf1fa7,Phở Lý Quốc Sư - Hoàng Diệu 2,"218A Hoàng Diệu 2, Phường Thủ Đức, Hồ Chí Minh",Bún bò,45.000 ₫,45000,VND,menu_item_unspecified,5dd7d319-9918-5389-ad80-817f8de98fd6,src_554ee5d1ce5a2abf1fa7,https://food.be.com.vn/ho-chi-minh/pho-ly-quoc-su-hoang-dieu-2-86590,2026-10-09T16:38:48.635183+00:00,076fd2332416259668bf2e87df9951280bdaade8b6f52f9788adf5a69b0fda1f,befood,snapshot_observation,,
ff74d5af-05b6-5f9a-9012-f8a2aadefb0c,Bún bò,menu_713c13813856ec31cd41,venue_03bac5075757df75477f,Bún Bò Ngon Ánh Linh - Bánh Canh & Mì Ý 24h - Đường 49,"1/43/6 Đường 49, Phường Hiệp Bình Chánh, Thành Phố Thủ Đức, Hồ Chí Minh",bún bò bò viên,52.000 ₫,52000,VND,menu_item_unspecified,6f69256a-a101-5bc7-b230-9c4a13b32e0c,src_03bac5075757df75477f,https://food.be.com.vn/ho-chi-minh/bun-bo-ngon-anh-linh-banh-canh-mi-y-24h-duong-49-94430,2026-10-09T16:38:41.056188+00:00,0314af31035e4d1eabf594671ac925acec1782bb32bbfeb0ce563c6d2079159a,befood,snapshot_observation,,
ff74d5af-05b6-5f9a-9012-f8a2aadefb0c,Bún bò,menu_185b58930610477e92a0,venue_d40c318d0255f494fee4,Bún Bò Huế Sông Hương - Đường 2,"2 Đường 2 Khu Phố 1, Phường Linh Đông, Thành Phố Thủ Đức, Hồ Chí Minh",Bún bò bắp,40.000 ₫,40000,VND,menu_item_unspecified,4c0b0268-6756-56a9-b24f-96483f7e841a,src_d40c318d0255f494fee4,https://food.be.com.vn/ho-chi-minh/bun-bo-hue-song-huong-duong-2-19461,2026-10-09T16:38:44.752014+00:00,7d891c18566f17d70da9d8f476f4236fc8f78f06a87a6ccfe9e7cfb28a60c127,befood,snapshot_observation,,
ff74d5af-05b6-5f9a-9012-f8a2aadefb0c,Bún bò,menu_d990c1bcba36dad1919f,venue_03bac5075757df75477f,Bún Bò Ngon Ánh Linh - Bánh Canh & Mì Ý 24h - Đường 49,"1/43/6 Đường 49, Phường Hiệp Bình Chánh, Thành Phố Thủ Đức, Hồ Chí Minh",bún bò bắp bò viên,62.000 ₫,62000,VND,menu_item_unspecified,6f69256a-a101-5bc7-b230-9c4a13b32e0c,src_03bac5075757df75477f,https://food.be.com.vn/ho-chi-minh/bun-bo-ngon-anh-linh-banh-canh-mi-y-24h-duong-49-94430,2026-10-09T16:38:41.056188+00:00,0314af31035e4d1eabf594671ac925acec1782bb32bbfeb0ce563c6d2079159a,befood,snapshot_observation,,
ff74d5af-05b6-5f9a-9012-f8a2aadefb0c,Bún bò,menu_fe5f7aebe3e0b0877f60,venue_03bac5075757df75477f,Bún Bò Ngon Ánh Linh - Bánh Canh & Mì Ý 24h - Đường 49,"1/43/6 Đường 49, Phường Hiệp Bình Chánh, Thành Phố Thủ Đức, Hồ Chí Minh",Bún bò bắp chả,62.000 ₫,62000,VND,menu_item_unspecified,6f69256a-a101-5bc7-b230-9c4a13b32e0c,src_03bac5075757df75477f,https://food.be.com.vn/ho-chi-minh/bun-bo-ngon-anh-linh-banh-canh-mi-y-24h-duong-49-94430,2026-10-09T16:38:41.056188+00:00,0314af31035e4d1eabf594671ac925acec1782bb32bbfeb0ce563c6d2079159a,befood,snapshot_observation,,
ff74d5af-05b6-5f9a-9012-f8a2aadefb0c,Bún bò,menu_3dc76f5695b35349f545,venue_03bac5075757df75477f,Bún Bò Ngon Ánh Linh - Bánh Canh & Mì Ý 24h - Đường 49,"1/43/6 Đường 49, Phường Hiệp Bình Chánh, Thành Phố Thủ Đức, Hồ Chí Minh",bún bò bắp chả bò viên,64.000 ₫,64000,VND,menu_item_unspecified,6f69256a-a101-5bc7-b230-9c4a13b32e0c,src_03bac5075757df75477f,https://food.be.com.vn/ho-chi-minh/bun-bo-ngon-anh-linh-banh-canh-mi-y-24h-duong-49-94430,2026-10-09T16:38:41.056188+00:00,0314af31035e4d1eabf594671ac925acec1782bb32bbfeb0ce563c6d2079159a,befood,snapshot_observation,,
ff74d5af-05b6-5f9a-9012-f8a2aadefb0c,Bún bò,menu_e0176818122939dfd7b1,venue_d40c318d0255f494fee4,Bún Bò Huế Sông Hương - Đường 2,"2 Đường 2 Khu Phố 1, Phường Linh Đông, Thành Phố Thủ Đức, Hồ Chí Minh",Bún bò bắp - gân,45.000 ₫,45000,VND,menu_item_unspecified,4c0b0268-6756-56a9-b24f-96483f7e841a,src_d40c318d0255f494fee4,https://food.be.com.vn/ho-chi-minh/bun-bo-hue-song-huong-duong-2-19461,2026-10-09T16:38:44.752014+00:00,7d891c18566f17d70da9d8f476f4236fc8f78f06a87a6ccfe9e7cfb28a60c127,befood,snapshot_observation,,
ff74d5af-05b6-5f9a-9012-f8a2aadefb0c,Bún bò,menu_6aecf265e0b3dd38db25,venue_03bac5075757df75477f,Bún Bò Ngon Ánh Linh - Bánh Canh & Mì Ý 24h - Đường 49,"1/43/6 Đường 49, Phường Hiệp Bình Chánh, Thành Phố Thủ Đức, Hồ Chí Minh",bún bò chả,47.000 ₫,47000,VND,menu_item_unspecified,6f69256a-a101-5bc7-b230-9c4a13b32e0c,src_03bac5075757df75477f,https://food.be.com.vn/ho-chi-minh/bun-bo-ngon-anh-linh-banh-canh-mi-y-24h-duong-49-94430,2026-10-09T16:38:41.056188+00:00,0314af31035e4d1eabf594671ac925acec1782bb32bbfeb0ce563c6d2079159a,befood,snapshot_observation,,
ff74d5af-05b6-5f9a-9012-f8a2aadefb0c,Bún bò,menu_46b445684f87d612e38b,venue_03bac5075757df75477f,Bún Bò Ngon Ánh Linh - Bánh Canh & Mì Ý 24h - Đường 49,"1/43/6 Đường 49, Phường Hiệp Bình Chánh, Thành Phố Thủ Đức, Hồ Chí Minh",bún bò giò bò viên,62.000 ₫,62000,VND,menu_item_unspecified,6f69256a-a101-5bc7-b230-9c4a13b32e0c,src_03bac5075757df75477f,https://food.be.com.vn/ho-chi-minh/bun-bo-ngon-anh-linh-banh-canh-mi-y-24h-duong-49-94430,2026-10-09T16:38:41.056188+00:00,0314af31035e4d1eabf594671ac925acec1782bb32bbfeb0ce563c6d2079159a,befood,snapshot_observation,,
ff74d5af-05b6-5f9a-9012-f8a2aadefb0c,Bún bò,menu_bf5f8b9c923deb5f19e4,venue_03bac5075757df75477f,Bún Bò Ngon Ánh Linh - Bánh Canh & Mì Ý 24h - Đường 49,"1/43/6 Đường 49, Phường Hiệp Bình Chánh, Thành Phố Thủ Đức, Hồ Chí Minh",bún bò giò bắp,62.000 ₫,62000,VND,menu_item_unspecified,6f69256a-a101-5bc7-b230-9c4a13b32e0c,src_03bac5075757df75477f,https://food.be.com.vn/ho-chi-minh/bun-bo-ngon-anh-linh-banh-canh-mi-y-24h-duong-49-94430,2026-10-09T16:38:41.056188+00:00,0314af31035e4d1eabf594671ac925acec1782bb32bbfeb0ce563c6d2079159a,befood,snapshot_observation,,
ff74d5af-05b6-5f9a-9012-f8a2aadefb0c,Bún bò,menu_19a3dd1c2e3c740387e2,venue_03bac5075757df75477f,Bún Bò Ngon Ánh Linh - Bánh Canh & Mì Ý 24h - Đường 49,"1/43/6 Đường 49, Phường Hiệp Bình Chánh, Thành Phố Thủ Đức, Hồ Chí Minh",bún bò giò bắp bò viên,64.000 ₫,64000,VND,menu_item_unspecified,6f69256a-a101-5bc7-b230-9c4a13b32e0c,src_03bac5075757df75477f,https://food.be.com.vn/ho-chi-minh/bun-bo-ngon-anh-linh-banh-canh-mi-y-24h-duong-49-94430,2026-10-09T16:38:41.056188+00:00,0314af31035e4d1eabf594671ac925acec1782bb32bbfeb0ce563c6d2079159a,befood,snapshot_observation,,
ff74d5af-05b6-5f9a-9012-f8a2aadefb0c,Bún bò,menu_0aa1ced4d41357d1a929,venue_03bac5075757df75477f,Bún Bò Ngon Ánh Linh - Bánh Canh & Mì Ý 24h - Đường 49,"1/43/6 Đường 49, Phường Hiệp Bình Chánh, Thành Phố Thủ Đức, Hồ Chí Minh",bún bò giò bắp chả,62.000 ₫,62000,VND,menu_item_unspecified,6f69256a-a101-5bc7-b230-9c4a13b32e0c,src_03bac5075757df75477f,https://food.be.com.vn/ho-chi-minh/bun-bo-ngon-anh-linh-banh-canh-mi-y-24h-duong-49-94430,2026-10-09T16:38:41.056188+00:00,0314af31035e4d1eabf594671ac925acec1782bb32bbfeb0ce563c6d2079159a,befood,snapshot_observation,,
ff74d5af-05b6-5f9a-9012-f8a2aadefb0c,Bún bò,menu_3665369c8910b0fff0d1,venue_03bac5075757df75477f,Bún Bò Ngon Ánh Linh - Bánh Canh & Mì Ý 24h - Đường 49,"1/43/6 Đường 49, Phường Hiệp Bình Chánh, Thành Phố Thủ Đức, Hồ Chí Minh",bún bò giò chả,62.000 ₫,62000,VND,menu_item_unspecified,6f69256a-a101-5bc7-b230-9c4a13b32e0c,src_03bac5075757df75477f,https://food.be.com.vn/ho-chi-minh/bun-bo-ngon-anh-linh-banh-canh-mi-y-24h-duong-49-94430,2026-10-09T16:38:41.056188+00:00,0314af31035e4d1eabf594671ac925acec1782bb32bbfeb0ce563c6d2079159a,befood,snapshot_observation,,
ff74d5af-05b6-5f9a-9012-f8a2aadefb0c,Bún bò,menu_910c92238d15099cc004,venue_3907593997cd1d49e3d3,Cơm Tấm 49 - Đường Số 4,"49 Đường Số 4, Linh Xuân, Thủ Đức, Hồ Chí Minh",BÚN BÒ GIÒ HEO,60.000 ₫,60000,VND,menu_item_unspecified,79db7b66-bb3b-5fa6-9a7c-0a1c68610fce,src_3907593997cd1d49e3d3,https://food.be.com.vn/ho-chi-minh/com-tam-49-duong-so-4-64909,2026-10-09T16:38:05.884469+00:00,d4c95d56b70a78db4b3a920020eae1d5726d25324c560ef012e6528b52d72165,befood,snapshot_observation,,
ff74d5af-05b6-5f9a-9012-f8a2aadefb0c,Bún bò,menu_a3228b632124109f14be,venue_d40c318d0255f494fee4,Bún Bò Huế Sông Hương - Đường 2,"2 Đường 2 Khu Phố 1, Phường Linh Đông, Thành Phố Thủ Đức, Hồ Chí Minh",Bún bò gân,40.000 ₫,40000,VND,menu_item_unspecified,4c0b0268-6756-56a9-b24f-96483f7e841a,src_d40c318d0255f494fee4,https://food.be.com.vn/ho-chi-minh/bun-bo-hue-song-huong-duong-2-19461,2026-10-09T16:38:44.752014+00:00,7d891c18566f17d70da9d8f476f4236fc8f78f06a87a6ccfe9e7cfb28a60c127,befood,snapshot_observation,,
ff74d5af-05b6-5f9a-9012-f8a2aadefb0c,Bún bò,menu_52042c9911fad6fa81c1,venue_3907593997cd1d49e3d3,Cơm Tấm 49 - Đường Số 4,"49 Đường Số 4, Linh Xuân, Thủ Đức, Hồ Chí Minh",BÚN BÒ HUẾ,65.000 ₫,65000,VND,menu_item_unspecified,79db7b66-bb3b-5fa6-9a7c-0a1c68610fce,src_3907593997cd1d49e3d3,https://food.be.com.vn/ho-chi-minh/com-tam-49-duong-so-4-64909,2026-10-09T16:38:05.884469+00:00,d4c95d56b70a78db4b3a920020eae1d5726d25324c560ef012e6528b52d72165,befood,snapshot_observation,,
ff74d5af-05b6-5f9a-9012-f8a2aadefb0c,Bún bò,menu_484da662f67a20fd007d,venue_0332795a08d47aa23867,Tiệm Cơm Nhà Trộn - Hoàng Diệu 2,"122 Hoàng Diệu 2, Phường Linh Trung, Thành Phố Thủ Đức, Hồ Chí Minh",Bún bò khô,45.000 ₫,45000,VND,menu_item_unspecified,fa76dfbf-99bb-5760-ac20-2741a5862b50,src_0332795a08d47aa23867,https://food.be.com.vn/ho-chi-minh/tiem-com-nha-tron-hoang-dieu-2-102327,2026-10-09T16:38:07.819773+00:00,7e06fcde1e83066f77c7d60fbb1b1a5879e112dbf0b234a9e51450190c8bc450,befood,snapshot_observation,,
ff74d5af-05b6-5f9a-9012-f8a2aadefb0c,Bún bò,menu_79f2d1afde50f57879b7,venue_d40c318d0255f494fee4,Bún Bò Huế Sông Hương - Đường 2,"2 Đường 2 Khu Phố 1, Phường Linh Đông, Thành Phố Thủ Đức, Hồ Chí Minh",Bún bò nạm,40.000 ₫,40000,VND,menu_item_unspecified,4c0b0268-6756-56a9-b24f-96483f7e841a,src_d40c318d0255f494fee4,https://food.be.com.vn/ho-chi-minh/bun-bo-hue-song-huong-duong-2-19461,2026-10-09T16:38:44.752014+00:00,7d891c18566f17d70da9d8f476f4236fc8f78f06a87a6ccfe9e7cfb28a60c127,befood,snapshot_observation,,
ff74d5af-05b6-5f9a-9012-f8a2aadefb0c,Bún bò,menu_24cf32183c0789bb727d,venue_d40c318d0255f494fee4,Bún Bò Huế Sông Hương - Đường 2,"2 Đường 2 Khu Phố 1, Phường Linh Đông, Thành Phố Thủ Đức, Hồ Chí Minh",Bún bò nạm - chả,45.000 ₫,45000,VND,menu_item_unspecified,4c0b0268-6756-56a9-b24f-96483f7e841a,src_d40c318d0255f494fee4,https://food.be.com.vn/ho-chi-minh/bun-bo-hue-song-huong-duong-2-19461,2026-10-09T16:38:44.752014+00:00,7d891c18566f17d70da9d8f476f4236fc8f78f06a87a6ccfe9e7cfb28a60c127,befood,snapshot_observation,,
ff74d5af-05b6-5f9a-9012-f8a2aadefb0c,Bún bò,menu_ecf8f37e28fb63142f81,venue_d40c318d0255f494fee4,Bún Bò Huế Sông Hương - Đường 2,"2 Đường 2 Khu Phố 1, Phường Linh Đông, Thành Phố Thủ Đức, Hồ Chí Minh",Bún bò nạm - giò heo,45.000 ₫,45000,VND,menu_item_unspecified,4c0b0268-6756-56a9-b24f-96483f7e841a,src_d40c318d0255f494fee4,https://food.be.com.vn/ho-chi-minh/bun-bo-hue-song-huong-duong-2-19461,2026-10-09T16:38:44.752014+00:00,7d891c18566f17d70da9d8f476f4236fc8f78f06a87a6ccfe9e7cfb28a60c127,befood,snapshot_observation,,
ff74d5af-05b6-5f9a-9012-f8a2aadefb0c,Bún bò,menu_21477da06ac5d200903f,venue_d40c318d0255f494fee4,Bún Bò Huế Sông Hương - Đường 2,"2 Đường 2 Khu Phố 1, Phường Linh Đông, Thành Phố Thủ Đức, Hồ Chí Minh",Bún bò nạm - gân,45.000 ₫,45000,VND,menu_item_unspecified,4c0b0268-6756-56a9-b24f-96483f7e841a,src_d40c318d0255f494fee4,https://food.be.com.vn/ho-chi-minh/bun-bo-hue-song-huong-duong-2-19461,2026-10-09T16:38:44.752014+00:00,7d891c18566f17d70da9d8f476f4236fc8f78f06a87a6ccfe9e7cfb28a60c127,befood,snapshot_observation,,
ff74d5af-05b6-5f9a-9012-f8a2aadefb0c,Bún bò,menu_b32814962796589cf8f1,venue_03bac5075757df75477f,Bún Bò Ngon Ánh Linh - Bánh Canh & Mì Ý 24h - Đường 49,"1/43/6 Đường 49, Phường Hiệp Bình Chánh, Thành Phố Thủ Đức, Hồ Chí Minh",Bún bò sườn bò viên,62.000 ₫,62000,VND,menu_item_unspecified,6f69256a-a101-5bc7-b230-9c4a13b32e0c,src_03bac5075757df75477f,https://food.be.com.vn/ho-chi-minh/bun-bo-ngon-anh-linh-banh-canh-mi-y-24h-duong-49-94430,2026-10-09T16:38:41.056188+00:00,0314af31035e4d1eabf594671ac925acec1782bb32bbfeb0ce563c6d2079159a,befood,snapshot_observation,,
ff74d5af-05b6-5f9a-9012-f8a2aadefb0c,Bún bò,menu_93b8acb014059b29195e,venue_03bac5075757df75477f,Bún Bò Ngon Ánh Linh - Bánh Canh & Mì Ý 24h - Đường 49,"1/43/6 Đường 49, Phường Hiệp Bình Chánh, Thành Phố Thủ Đức, Hồ Chí Minh",Bún bò sườn bắp,62.000 ₫,62000,VND,menu_item_unspecified,6f69256a-a101-5bc7-b230-9c4a13b32e0c,src_03bac5075757df75477f,https://food.be.com.vn/ho-chi-minh/bun-bo-ngon-anh-linh-banh-canh-mi-y-24h-duong-49-94430,2026-10-09T16:38:41.056188+00:00,0314af31035e4d1eabf594671ac925acec1782bb32bbfeb0ce563c6d2079159a,befood,snapshot_observation,,
ff74d5af-05b6-5f9a-9012-f8a2aadefb0c,Bún bò,menu_6b01a9cad699439ad9b4,venue_03bac5075757df75477f,Bún Bò Ngon Ánh Linh - Bánh Canh & Mì Ý 24h - Đường 49,"1/43/6 Đường 49, Phường Hiệp Bình Chánh, Thành Phố Thủ Đức, Hồ Chí Minh",bún bò sườn bắp bò viên,64.000 ₫,64000,VND,menu_item_unspecified,6f69256a-a101-5bc7-b230-9c4a13b32e0c,src_03bac5075757df75477f,https://food.be.com.vn/ho-chi-minh/bun-bo-ngon-anh-linh-banh-canh-mi-y-24h-duong-49-94430,2026-10-09T16:38:41.056188+00:00,0314af31035e4d1eabf594671ac925acec1782bb32bbfeb0ce563c6d2079159a,befood,snapshot_observation,,
ff74d5af-05b6-5f9a-9012-f8a2aadefb0c,Bún bò,menu_1d385a20dd405ebff270,venue_03bac5075757df75477f,Bún Bò Ngon Ánh Linh - Bánh Canh & Mì Ý 24h - Đường 49,"1/43/6 Đường 49, Phường Hiệp Bình Chánh, Thành Phố Thủ Đức, Hồ Chí Minh",bún bò sườn chả,62.000 ₫,62000,VND,menu_item_unspecified,6f69256a-a101-5bc7-b230-9c4a13b32e0c,src_03bac5075757df75477f,https://food.be.com.vn/ho-chi-minh/bun-bo-ngon-anh-linh-banh-canh-mi-y-24h-duong-49-94430,2026-10-09T16:38:41.056188+00:00,0314af31035e4d1eabf594671ac925acec1782bb32bbfeb0ce563c6d2079159a,befood,snapshot_observation,,
ff74d5af-05b6-5f9a-9012-f8a2aadefb0c,Bún bò,menu_18405c461501c1ded2b1,venue_03bac5075757df75477f,Bún Bò Ngon Ánh Linh - Bánh Canh & Mì Ý 24h - Đường 49,"1/43/6 Đường 49, Phường Hiệp Bình Chánh, Thành Phố Thủ Đức, Hồ Chí Minh",bún bò sườn chả bò viên,64.000 ₫,64000,VND,menu_item_unspecified,6f69256a-a101-5bc7-b230-9c4a13b32e0c,src_03bac5075757df75477f,https://food.be.com.vn/ho-chi-minh/bun-bo-ngon-anh-linh-banh-canh-mi-y-24h-duong-49-94430,2026-10-09T16:38:41.056188+00:00,0314af31035e4d1eabf594671ac925acec1782bb32bbfeb0ce563c6d2079159a,befood,snapshot_observation,,
ff74d5af-05b6-5f9a-9012-f8a2aadefb0c,Bún bò,menu_9d336919d4840a16eca7,venue_d40c318d0255f494fee4,Bún Bò Huế Sông Hương - Đường 2,"2 Đường 2 Khu Phố 1, Phường Linh Đông, Thành Phố Thủ Đức, Hồ Chí Minh",Bún bò tái,40.000 ₫,40000,VND,menu_item_unspecified,4c0b0268-6756-56a9-b24f-96483f7e841a,src_d40c318d0255f494fee4,https://food.be.com.vn/ho-chi-minh/bun-bo-hue-song-huong-duong-2-19461,2026-10-09T16:38:44.752014+00:00,7d891c18566f17d70da9d8f476f4236fc8f78f06a87a6ccfe9e7cfb28a60c127,befood,snapshot_observation,,
ff74d5af-05b6-5f9a-9012-f8a2aadefb0c,Bún bò,menu_e0610254b162c14bd764,venue_d40c318d0255f494fee4,Bún Bò Huế Sông Hương - Đường 2,"2 Đường 2 Khu Phố 1, Phường Linh Đông, Thành Phố Thủ Đức, Hồ Chí Minh",Bún bò tái chả,45.000 ₫,45000,VND,menu_item_unspecified,4c0b0268-6756-56a9-b24f-96483f7e841a,src_d40c318d0255f494fee4,https://food.be.com.vn/ho-chi-minh/bun-bo-hue-song-huong-duong-2-19461,2026-10-09T16:38:44.752014+00:00,7d891c18566f17d70da9d8f476f4236fc8f78f06a87a6ccfe9e7cfb28a60c127,befood,snapshot_observation,,
ff74d5af-05b6-5f9a-9012-f8a2aadefb0c,Bún bò,menu_61423f3d1f9f358fe551,venue_d40c318d0255f494fee4,Bún Bò Huế Sông Hương - Đường 2,"2 Đường 2 Khu Phố 1, Phường Linh Đông, Thành Phố Thủ Đức, Hồ Chí Minh",Bún bò tô trẻ em,30.000 ₫,30000,VND,menu_item_unspecified,4c0b0268-6756-56a9-b24f-96483f7e841a,src_d40c318d0255f494fee4,https://food.be.com.vn/ho-chi-minh/bun-bo-hue-song-huong-duong-2-19461,2026-10-09T16:38:44.752014+00:00,7d891c18566f17d70da9d8f476f4236fc8f78f06a87a6ccfe9e7cfb28a60c127,befood,snapshot_observation,,
ff74d5af-05b6-5f9a-9012-f8a2aadefb0c,Bún bò,menu_650cc70ac8049e2847ed,venue_03bac5075757df75477f,Bún Bò Ngon Ánh Linh - Bánh Canh & Mì Ý 24h - Đường 49,"1/43/6 Đường 49, Phường Hiệp Bình Chánh, Thành Phố Thủ Đức, Hồ Chí Minh",bún bò đặc biệt full topping,79.000 ₫,79000,VND,menu_item_unspecified,6f69256a-a101-5bc7-b230-9c4a13b32e0c,src_03bac5075757df75477f,https://food.be.com.vn/ho-chi-minh/bun-bo-ngon-anh-linh-banh-canh-mi-y-24h-duong-49-94430,2026-10-09T16:38:41.056188+00:00,0314af31035e4d1eabf594671ac925acec1782bb32bbfeb0ce563c6d2079159a,befood,snapshot_observation,,
ff74d5af-05b6-5f9a-9012-f8a2aadefb0c,Bún bò,menu_f3910940e2bc77fe66c7,venue_03bac5075757df75477f,Bún Bò Ngon Ánh Linh - Bánh Canh & Mì Ý 24h - Đường 49,"1/43/6 Đường 49, Phường Hiệp Bình Chánh, Thành Phố Thủ Đức, Hồ Chí Minh",Bún bắp bò,47.000 ₫,47000,VND,menu_item_unspecified,6f69256a-a101-5bc7-b230-9c4a13b32e0c,src_03bac5075757df75477f,https://food.be.com.vn/ho-chi-minh/bun-bo-ngon-anh-linh-banh-canh-mi-y-24h-duong-49-94430,2026-10-09T16:38:41.056188+00:00,0314af31035e4d1eabf594671ac925acec1782bb32bbfeb0ce563c6d2079159a,befood,snapshot_observation,,
ff74d5af-05b6-5f9a-9012-f8a2aadefb0c,Bún bò,menu_8f27d2705fe659681eca,venue_554ee5d1ce5a2abf1fa7,Phở Lý Quốc Sư - Hoàng Diệu 2,"218A Hoàng Diệu 2, Phường Thủ Đức, Hồ Chí Minh",Bún nạm gân,45.000 ₫,45000,VND,menu_item_unspecified,5dd7d319-9918-5389-ad80-817f8de98fd6,src_554ee5d1ce5a2abf1fa7,https://food.be.com.vn/ho-chi-minh/pho-ly-quoc-su-hoang-dieu-2-86590,2026-10-09T16:38:48.635183+00:00,076fd2332416259668bf2e87df9951280bdaade8b6f52f9788adf5a69b0fda1f,befood,snapshot_observation,,
ff74d5af-05b6-5f9a-9012-f8a2aadefb0c,Bún bò,menu_8b0862121e4192954850,venue_554ee5d1ce5a2abf1fa7,Phở Lý Quốc Sư - Hoàng Diệu 2,"218A Hoàng Diệu 2, Phường Thủ Đức, Hồ Chí Minh",Bún nạm viên,45.000 ₫,45000,VND,menu_item_unspecified,5dd7d319-9918-5389-ad80-817f8de98fd6,src_554ee5d1ce5a2abf1fa7,https://food.be.com.vn/ho-chi-minh/pho-ly-quoc-su-hoang-dieu-2-86590,2026-10-09T16:38:48.635183+00:00,076fd2332416259668bf2e87df9951280bdaade8b6f52f9788adf5a69b0fda1f,befood,snapshot_observation,,
ff74d5af-05b6-5f9a-9012-f8a2aadefb0c,Bún bò,menu_e42e740072c89390bbb1,venue_ba269bd66855f6a50872,THE BEOSO HEALTHY FOOD - Kha Vạn Cân,"575/1/4 Kha Vạn Cân, Phường Hiệp Bình, Hồ Chí Minh",Bún trộn bò lúc lắc,65.000 ₫,65000,VND,menu_item_unspecified,6304e8d5-110e-509f-855a-aa2680636f82,src_ba269bd66855f6a50872,https://food.be.com.vn/ho-chi-minh/the-beoso-healthy-food-kha-van-can-138734,2026-10-09T16:38:14.280332+00:00,85c0730abe3f2fddcf254ba67cbb8e788bb5d44c594ce963d7c0ca74d87b2a1f,befood,snapshot_observation,,
ff74d5af-05b6-5f9a-9012-f8a2aadefb0c,Bún bò,menu_c181071d9145bb1563ae,venue_554ee5d1ce5a2abf1fa7,Phở Lý Quốc Sư - Hoàng Diệu 2,"218A Hoàng Diệu 2, Phường Thủ Đức, Hồ Chí Minh",Bún tái chả,45.000 ₫,45000,VND,menu_item_unspecified,5dd7d319-9918-5389-ad80-817f8de98fd6,src_554ee5d1ce5a2abf1fa7,https://food.be.com.vn/ho-chi-minh/pho-ly-quoc-su-hoang-dieu-2-86590,2026-10-09T16:38:48.635183+00:00,076fd2332416259668bf2e87df9951280bdaade8b6f52f9788adf5a69b0fda1f,befood,snapshot_observation,,
fe39887f-b79c-5981-8f0a-6e50c4a5dc54,Bún bò chay,menu_ab2c37e258a6066f72c9,venue_82360100fb9c96fa366b,Cơm Chay Thập Phương - Hoàng Diệu 2,"69B Hoàng Diệu 2, Phường Linh Xuân, Hồ Chí Minh",Bún Bò,30.000 ₫,30000,VND,menu_item_unspecified,4feff167-bbd1-5742-8c74-887247a9e043,src_82360100fb9c96fa366b,https://food.be.com.vn/ho-chi-minh/com-chay-thap-phuong-hoang-dieu-2-125649,2026-10-09T16:38:21.626780+00:00,73dc8268757c723fc98c02770ee280b66dce7a4643b8b0e1c945a47e179170fa,befood,snapshot_observation,,
52c6435f-c967-5820-8e76-b1917291a1ef,Bún chay,menu_7b42359df8a71ec9ff28,venue_3907593997cd1d49e3d3,Cơm Tấm 49 - Đường Số 4,"49 Đường Số 4, Linh Xuân, Thủ Đức, Hồ Chí Minh",BÚN CHAY TÀU HỦ NƯỚC TƯƠNG,35.000 ₫,35000,VND,menu_item_unspecified,79db7b66-bb3b-5fa6-9a7c-0a1c68610fce,src_3907593997cd1d49e3d3,https://food.be.com.vn/ho-chi-minh/com-tam-49-duong-so-4-64909,2026-10-09T16:38:05.884469+00:00,d4c95d56b70a78db4b3a920020eae1d5726d25324c560ef012e6528b52d72165,befood,snapshot_observation,,
52c6435f-c967-5820-8e76-b1917291a1ef,Bún chay,menu_2f89f3d1c5509bf46b72,venue_82360100fb9c96fa366b,Cơm Chay Thập Phương - Hoàng Diệu 2,"69B Hoàng Diệu 2, Phường Linh Xuân, Hồ Chí Minh",Bún Măng,35.000 ₫,35000,VND,menu_item_unspecified,4feff167-bbd1-5742-8c74-887247a9e043,src_82360100fb9c96fa366b,https://food.be.com.vn/ho-chi-minh/com-chay-thap-phuong-hoang-dieu-2-125649,2026-10-09T16:38:21.626780+00:00,73dc8268757c723fc98c02770ee280b66dce7a4643b8b0e1c945a47e179170fa,befood,snapshot_observation,,
807a5dfe-64b0-5137-ac00-6f95882830d6,Bún gạo lứt,menu_c0c776472db075d49c23,venue_ba269bd66855f6a50872,THE BEOSO HEALTHY FOOD - Kha Vạn Cân,"575/1/4 Kha Vạn Cân, Phường Hiệp Bình, Hồ Chí Minh",Bún gạo lứt ức gà sous vide,59.000 ₫,59000,VND,menu_item_unspecified,6304e8d5-110e-509f-855a-aa2680636f82,src_ba269bd66855f6a50872,https://food.be.com.vn/ho-chi-minh/the-beoso-healthy-food-kha-van-can-138734,2026-10-09T16:38:14.280332+00:00,85c0730abe3f2fddcf254ba67cbb8e788bb5d44c594ce963d7c0ca74d87b2a1f,befood,snapshot_observation,,
807a5dfe-64b0-5137-ac00-6f95882830d6,Bún gạo lứt,menu_0d7fad72d4d3c37cb802,venue_ba269bd66855f6a50872,THE BEOSO HEALTHY FOOD - Kha Vạn Cân,"575/1/4 Kha Vạn Cân, Phường Hiệp Bình, Hồ Chí Minh",Bún healthy eco,48.000 ₫,48000,VND,menu_item_unspecified,6304e8d5-110e-509f-855a-aa2680636f82,src_ba269bd66855f6a50872,https://food.be.com.vn/ho-chi-minh/the-beoso-healthy-food-kha-van-can-138734,2026-10-09T16:38:14.280332+00:00,85c0730abe3f2fddcf254ba67cbb8e788bb5d44c594ce963d7c0ca74d87b2a1f,befood,snapshot_observation,,
4a8ac4a8-b566-5032-be38-48f00e6a53b9,Bún mọc,menu_fe76fc3c13c8a6213c25,venue_adcfe6569f4180dc9bf9,"Kim Nga Quán - Cơm Phần, Bún Riêu & Bánh Canh - Lê Văn Chí","179 Lê Văn Chí, Phường Linh Xuân, Hồ Chí Minh",Bún mọc,45.000 ₫,45000,VND,menu_item_unspecified,67454d1b-dafa-506c-a960-cf7cb29e7866,src_adcfe6569f4180dc9bf9,https://food.be.com.vn/ho-chi-minh/kim-nga-quan-com-phan-bun-rieu-banh-canh-le-van-chi-130264,2026-10-09T16:38:23.573535+00:00,2afb881c43a16552e6f2db0156838a01d1beb0cee25cc5a88b8e4325ce3e646d,befood,snapshot_observation,,
e6558eda-db0f-5583-bbf5-be4f7da8f2f9,Bún nem nướng,menu_4955c51eca8e6c72c54f,venue_50fe72c94e4623506c0f,Bánh Cuốn & Bánh Ướt - Chương Dương,"129 Chương Dương, Linh Chiểu, Thủ Đức, Hồ Chí Minh, Việt Nam",Bún nem nướng,32.000 ₫,32000,VND,menu_item_unspecified,274f6cc1-8d26-54af-9d61-522bc9b2dab4,src_50fe72c94e4623506c0f,https://food.be.com.vn/ho-chi-minh/banh-cuon-banh-uot-chuong-duong-33659,2026-10-09T16:38:56.624036+00:00,06e747a6f574e5013d17d5f57a1eb3134bbb9d33eaeb7f9f9252bd8863c72625,befood,snapshot_observation,,
e6558eda-db0f-5583-bbf5-be4f7da8f2f9,Bún nem nướng,menu_edcf4311e6bdedcb5823,venue_8b9a13e5128f0e1273ea,Nem Nướng Nha Trang Hùng Việt - Hoàng Diệu 2,"118 Hoàng Diệu 2, Phường Linh Chiểu, Thành Phố Thủ Đức, Hồ Chí Minh",Bún nem nướng,75.000 ₫,75000,VND,menu_item_unspecified,601eb901-c804-58ac-a21c-08efe786648c,src_8b9a13e5128f0e1273ea,https://food.be.com.vn/ho-chi-minh/nem-nuong-nha-trang-hung-viet-hoang-dieu-2-105890,2026-10-09T16:39:00.758783+00:00,8e9c3cd6e6dc1a0ad6c96d94f9108f42eecf57e7e5222010f70452968ce57094,befood,snapshot_observation,,
e6558eda-db0f-5583-bbf5-be4f7da8f2f9,Bún nem nướng,menu_d5738a5eb1dbeb4bc040,venue_8b9a13e5128f0e1273ea,Nem Nướng Nha Trang Hùng Việt - Hoàng Diệu 2,"118 Hoàng Diệu 2, Phường Linh Chiểu, Thành Phố Thủ Đức, Hồ Chí Minh",Bún nem lụi nướng,75.000 ₫,75000,VND,menu_item_unspecified,601eb901-c804-58ac-a21c-08efe786648c,src_8b9a13e5128f0e1273ea,https://food.be.com.vn/ho-chi-minh/nem-nuong-nha-trang-hung-viet-hoang-dieu-2-105890,2026-10-09T16:39:00.758783+00:00,8e9c3cd6e6dc1a0ad6c96d94f9108f42eecf57e7e5222010f70452968ce57094,befood,snapshot_observation,,
e6558eda-db0f-5583-bbf5-be4f7da8f2f9,Bún nem nướng,menu_186a646d60dcf2097ec6,venue_8b9a13e5128f0e1273ea,Nem Nướng Nha Trang Hùng Việt - Hoàng Diệu 2,"118 Hoàng Diệu 2, Phường Linh Chiểu, Thành Phố Thủ Đức, Hồ Chí Minh",Bún nem phên nướng,75.000 ₫,75000,VND,menu_item_unspecified,601eb901-c804-58ac-a21c-08efe786648c,src_8b9a13e5128f0e1273ea,https://food.be.com.vn/ho-chi-minh/nem-nuong-nha-trang-hung-viet-hoang-dieu-2-105890,2026-10-09T16:39:00.758783+00:00,8e9c3cd6e6dc1a0ad6c96d94f9108f42eecf57e7e5222010f70452968ce57094,befood,snapshot_observation,,
79c72911-92fc-5af0-9f7f-b8c476542e7f,Bún riêu,menu_4a9609802452ab5ebc7c,venue_3907593997cd1d49e3d3,Cơm Tấm 49 - Đường Số 4,"49 Đường Số 4, Linh Xuân, Thủ Đức, Hồ Chí Minh",BÚN RIÊU,50.000 ₫,50000,VND,menu_item_unspecified,79db7b66-bb3b-5fa6-9a7c-0a1c68610fce,src_3907593997cd1d49e3d3,https://food.be.com.vn/ho-chi-minh/com-tam-49-duong-so-4-64909,2026-10-09T16:38:05.884469+00:00,d4c95d56b70a78db4b3a920020eae1d5726d25324c560ef012e6528b52d72165,befood,snapshot_observation,,
79c72911-92fc-5af0-9f7f-b8c476542e7f,Bún riêu,menu_809116427eff03becc18,venue_adcfe6569f4180dc9bf9,"Kim Nga Quán - Cơm Phần, Bún Riêu & Bánh Canh - Lê Văn Chí","179 Lê Văn Chí, Phường Linh Xuân, Hồ Chí Minh",Bún riêu,45.000 ₫,45000,VND,menu_item_unspecified,67454d1b-dafa-506c-a960-cf7cb29e7866,src_adcfe6569f4180dc9bf9,https://food.be.com.vn/ho-chi-minh/kim-nga-quan-com-phan-bun-rieu-banh-canh-le-van-chi-130264,2026-10-09T16:38:23.573535+00:00,2afb881c43a16552e6f2db0156838a01d1beb0cee25cc5a88b8e4325ce3e646d,befood,snapshot_observation,,
79c72911-92fc-5af0-9f7f-b8c476542e7f,Bún riêu,menu_47d4c659bdd81c277d02,venue_3907593997cd1d49e3d3,Cơm Tấm 49 - Đường Số 4,"49 Đường Số 4, Linh Xuân, Thủ Đức, Hồ Chí Minh",BÚN RIÊU GIÒ HEO,55.000 ₫,55000,VND,menu_item_unspecified,79db7b66-bb3b-5fa6-9a7c-0a1c68610fce,src_3907593997cd1d49e3d3,https://food.be.com.vn/ho-chi-minh/com-tam-49-duong-so-4-64909,2026-10-09T16:38:05.884469+00:00,d4c95d56b70a78db4b3a920020eae1d5726d25324c560ef012e6528b52d72165,befood,snapshot_observation,,
79c72911-92fc-5af0-9f7f-b8c476542e7f,Bún riêu,menu_cee94deafa33c33c963f,venue_3907593997cd1d49e3d3,Cơm Tấm 49 - Đường Số 4,"49 Đường Số 4, Linh Xuân, Thủ Đức, Hồ Chí Minh",BÚN RIÊU TÔM,55.000 ₫,55000,VND,menu_item_unspecified,79db7b66-bb3b-5fa6-9a7c-0a1c68610fce,src_3907593997cd1d49e3d3,https://food.be.com.vn/ho-chi-minh/com-tam-49-duong-so-4-64909,2026-10-09T16:38:05.884469+00:00,d4c95d56b70a78db4b3a920020eae1d5726d25324c560ef012e6528b52d72165,befood,snapshot_observation,,
db666124-3676-5609-8dc4-b313a1809358,Bún riêu chay,menu_b385bfd69e100fe6181a,venue_82360100fb9c96fa366b,Cơm Chay Thập Phương - Hoàng Diệu 2,"69B Hoàng Diệu 2, Phường Linh Xuân, Hồ Chí Minh",Bún Riêu,30.000 ₫,30000,VND,menu_item_unspecified,4feff167-bbd1-5742-8c74-887247a9e043,src_82360100fb9c96fa366b,https://food.be.com.vn/ho-chi-minh/com-chay-thap-phuong-hoang-dieu-2-125649,2026-10-09T16:38:21.626780+00:00,73dc8268757c723fc98c02770ee280b66dce7a4643b8b0e1c945a47e179170fa,befood,snapshot_observation,,
441e70be-0b06-521d-b5b9-7349386f14ad,Bún thịt nướng,menu_42e351d60faa9b17eb3c,venue_3907593997cd1d49e3d3,Cơm Tấm 49 - Đường Số 4,"49 Đường Số 4, Linh Xuân, Thủ Đức, Hồ Chí Minh",Bún thịt nướng,55.000 ₫,55000,VND,menu_item_unspecified,79db7b66-bb3b-5fa6-9a7c-0a1c68610fce,src_3907593997cd1d49e3d3,https://food.be.com.vn/ho-chi-minh/com-tam-49-duong-so-4-64909,2026-10-09T16:38:05.884469+00:00,d4c95d56b70a78db4b3a920020eae1d5726d25324c560ef012e6528b52d72165,befood,snapshot_observation,,
441e70be-0b06-521d-b5b9-7349386f14ad,Bún thịt nướng,menu_5c335eeb61a699af929d,venue_50fe72c94e4623506c0f,Bánh Cuốn & Bánh Ướt - Chương Dương,"129 Chương Dương, Linh Chiểu, Thủ Đức, Hồ Chí Minh, Việt Nam",Bún thịt nướng,32.000 ₫,32000,VND,menu_item_unspecified,274f6cc1-8d26-54af-9d61-522bc9b2dab4,src_50fe72c94e4623506c0f,https://food.be.com.vn/ho-chi-minh/banh-cuon-banh-uot-chuong-duong-33659,2026-10-09T16:38:56.624036+00:00,06e747a6f574e5013d17d5f57a1eb3134bbb9d33eaeb7f9f9252bd8863c72625,befood,snapshot_observation,,
441e70be-0b06-521d-b5b9-7349386f14ad,Bún thịt nướng,menu_69b7785601a6f668ac45,venue_8b9a13e5128f0e1273ea,Nem Nướng Nha Trang Hùng Việt - Hoàng Diệu 2,"118 Hoàng Diệu 2, Phường Linh Chiểu, Thành Phố Thủ Đức, Hồ Chí Minh",Bún thịt nướng,75.000 ₫,75000,VND,menu_item_unspecified,601eb901-c804-58ac-a21c-08efe786648c,src_8b9a13e5128f0e1273ea,https://food.be.com.vn/ho-chi-minh/nem-nuong-nha-trang-hung-viet-hoang-dieu-2-105890,2026-10-09T16:39:00.758783+00:00,8e9c3cd6e6dc1a0ad6c96d94f9108f42eecf57e7e5222010f70452968ce57094,befood,snapshot_observation,,
d320d9fe-0b53-539f-98ce-87ac91cf2dbb,Bún đậu,menu_7e35ac25f061e4e594fa,venue_3bb479654359bd9ddfe3,Bún Đậu Mắm Tôm Ba Anh Em - Hoàng Diệu 2,"220 Hoàng Diệu 2, Linh Chiểu, Thủ Đức, Hồ Chí Minh",Bún đậu,29.000 ₫,29000,VND,menu_item_unspecified,81e6c76a-5c44-524a-bddf-6467d24d0348,src_3bb479654359bd9ddfe3,https://food.be.com.vn/ho-chi-minh/bun-dau-mam-tom-ba-anh-em-hoang-dieu-2-75616,2026-10-09T16:38:53.648070+00:00,84661be2b3eab9ee901a52343ce6e805ecb9b7e4a7aa960562d4d4b910ef960f,befood,snapshot_observation,,
d320d9fe-0b53-539f-98ce-87ac91cf2dbb,Bún đậu,menu_4488322a439a10abcd15,venue_3bb479654359bd9ddfe3,Bún Đậu Mắm Tôm Ba Anh Em - Hoàng Diệu 2,"220 Hoàng Diệu 2, Linh Chiểu, Thủ Đức, Hồ Chí Minh",Bún đậu chả cua,44.000 ₫,44000,VND,menu_item_unspecified,81e6c76a-5c44-524a-bddf-6467d24d0348,src_3bb479654359bd9ddfe3,https://food.be.com.vn/ho-chi-minh/bun-dau-mam-tom-ba-anh-em-hoang-dieu-2-75616,2026-10-09T16:38:53.648070+00:00,84661be2b3eab9ee901a52343ce6e805ecb9b7e4a7aa960562d4d4b910ef960f,befood,snapshot_observation,,
d320d9fe-0b53-539f-98ce-87ac91cf2dbb,Bún đậu,menu_e05608e52c8999235009,venue_3bb479654359bd9ddfe3,Bún Đậu Mắm Tôm Ba Anh Em - Hoàng Diệu 2,"220 Hoàng Diệu 2, Linh Chiểu, Thủ Đức, Hồ Chí Minh",Bún đậu chả cốm,39.000 ₫,39000,VND,menu_item_unspecified,81e6c76a-5c44-524a-bddf-6467d24d0348,src_3bb479654359bd9ddfe3,https://food.be.com.vn/ho-chi-minh/bun-dau-mam-tom-ba-anh-em-hoang-dieu-2-75616,2026-10-09T16:38:53.648070+00:00,84661be2b3eab9ee901a52343ce6e805ecb9b7e4a7aa960562d4d4b910ef960f,befood,snapshot_observation,,
d320d9fe-0b53-539f-98ce-87ac91cf2dbb,Bún đậu,menu_a7731ed4812777124ba1,venue_3bb479654359bd9ddfe3,Bún Đậu Mắm Tôm Ba Anh Em - Hoàng Diệu 2,"220 Hoàng Diệu 2, Linh Chiểu, Thủ Đức, Hồ Chí Minh",Bún đậu chả mực,49.000 ₫,49000,VND,menu_item_unspecified,81e6c76a-5c44-524a-bddf-6467d24d0348,src_3bb479654359bd9ddfe3,https://food.be.com.vn/ho-chi-minh/bun-dau-mam-tom-ba-anh-em-hoang-dieu-2-75616,2026-10-09T16:38:53.648070+00:00,84661be2b3eab9ee901a52343ce6e805ecb9b7e4a7aa960562d4d4b910ef960f,befood,snapshot_observation,,
d320d9fe-0b53-539f-98ce-87ac91cf2dbb,Bún đậu,menu_758b1c3c06b57a5f0756,venue_3bb479654359bd9ddfe3,Bún Đậu Mắm Tôm Ba Anh Em - Hoàng Diệu 2,"220 Hoàng Diệu 2, Linh Chiểu, Thủ Đức, Hồ Chí Minh",Bún đậu nem chiên,44.000 ₫,44000,VND,menu_item_unspecified,81e6c76a-5c44-524a-bddf-6467d24d0348,src_3bb479654359bd9ddfe3,https://food.be.com.vn/ho-chi-minh/bun-dau-mam-tom-ba-anh-em-hoang-dieu-2-75616,2026-10-09T16:38:53.648070+00:00,84661be2b3eab9ee901a52343ce6e805ecb9b7e4a7aa960562d4d4b910ef960f,befood,snapshot_observation,,
d320d9fe-0b53-539f-98ce-87ac91cf2dbb,Bún đậu,menu_a830517fa3c3d2454f1d,venue_3bb479654359bd9ddfe3,Bún Đậu Mắm Tôm Ba Anh Em - Hoàng Diệu 2,"220 Hoàng Diệu 2, Linh Chiểu, Thủ Đức, Hồ Chí Minh",Bún đậu thập cẩm,62.000 ₫,62000,VND,menu_item_unspecified,81e6c76a-5c44-524a-bddf-6467d24d0348,src_3bb479654359bd9ddfe3,https://food.be.com.vn/ho-chi-minh/bun-dau-mam-tom-ba-anh-em-hoang-dieu-2-75616,2026-10-09T16:38:53.648070+00:00,84661be2b3eab9ee901a52343ce6e805ecb9b7e4a7aa960562d4d4b910ef960f,befood,snapshot_observation,,
d320d9fe-0b53-539f-98ce-87ac91cf2dbb,Bún đậu,menu_099ff3f77ffb57f57be2,venue_3bb479654359bd9ddfe3,Bún Đậu Mắm Tôm Ba Anh Em - Hoàng Diệu 2,"220 Hoàng Diệu 2, Linh Chiểu, Thủ Đức, Hồ Chí Minh",Bún đậu thịt,39.000 ₫,39000,VND,menu_item_unspecified,81e6c76a-5c44-524a-bddf-6467d24d0348,src_3bb479654359bd9ddfe3,https://food.be.com.vn/ho-chi-minh/bun-dau-mam-tom-ba-anh-em-hoang-dieu-2-75616,2026-10-09T16:38:53.648070+00:00,84661be2b3eab9ee901a52343ce6e805ecb9b7e4a7aa960562d4d4b910ef960f,befood,snapshot_observation,,
d320d9fe-0b53-539f-98ce-87ac91cf2dbb,Bún đậu,menu_cf554dc3ccc79bbaf901,venue_3bb479654359bd9ddfe3,Bún Đậu Mắm Tôm Ba Anh Em - Hoàng Diệu 2,"220 Hoàng Diệu 2, Linh Chiểu, Thủ Đức, Hồ Chí Minh",Bún đậu đặc biệt,82.000 ₫,82000,VND,menu_item_unspecified,81e6c76a-5c44-524a-bddf-6467d24d0348,src_3bb479654359bd9ddfe3,https://food.be.com.vn/ho-chi-minh/bun-dau-mam-tom-ba-anh-em-hoang-dieu-2-75616,2026-10-09T16:38:53.648070+00:00,84661be2b3eab9ee901a52343ce6e805ecb9b7e4a7aa960562d4d4b910ef960f,befood,snapshot_observation,,
864f37d1-97e9-57bc-bce5-351668f703da,Cơm bò,menu_9b922b472a10f035ce17,venue_ba269bd66855f6a50872,THE BEOSO HEALTHY FOOD - Kha Vạn Cân,"575/1/4 Kha Vạn Cân, Phường Hiệp Bình, Hồ Chí Minh",Cơm bò đậm vị,63.000 ₫,63000,VND,menu_item_unspecified,6304e8d5-110e-509f-855a-aa2680636f82,src_ba269bd66855f6a50872,https://food.be.com.vn/ho-chi-minh/the-beoso-healthy-food-kha-van-can-138734,2026-10-09T16:38:14.280332+00:00,85c0730abe3f2fddcf254ba67cbb8e788bb5d44c594ce963d7c0ca74d87b2a1f,befood,snapshot_observation,,
f9224f9d-f9e2-5b4b-a328-0db75c978c2a,Cơm canh khổ qua,menu_02caf3bd117b33b87a54,venue_adcfe6569f4180dc9bf9,"Kim Nga Quán - Cơm Phần, Bún Riêu & Bánh Canh - Lê Văn Chí","179 Lê Văn Chí, Phường Linh Xuân, Hồ Chí Minh",Cơm canh khổ qua,45.000 ₫,45000,VND,menu_item_unspecified,67454d1b-dafa-506c-a960-cf7cb29e7866,src_adcfe6569f4180dc9bf9,https://food.be.com.vn/ho-chi-minh/kim-nga-quan-com-phan-bun-rieu-banh-canh-le-van-chi-130264,2026-10-09T16:38:23.573535+00:00,2afb881c43a16552e6f2db0156838a01d1beb0cee25cc5a88b8e4325ce3e646d,befood,snapshot_observation,,
16ad89fb-0bc1-5d43-b8d0-4285916a69dc,Cơm chay,menu_b2c630badddaeeaa5e5e,venue_82360100fb9c96fa366b,Cơm Chay Thập Phương - Hoàng Diệu 2,"69B Hoàng Diệu 2, Phường Linh Xuân, Hồ Chí Minh",Cơm Ba Rọi,30.000 ₫,30000,VND,menu_item_unspecified,4feff167-bbd1-5742-8c74-887247a9e043,src_82360100fb9c96fa366b,https://food.be.com.vn/ho-chi-minh/com-chay-thap-phuong-hoang-dieu-2-125649,2026-10-09T16:38:21.626780+00:00,73dc8268757c723fc98c02770ee280b66dce7a4643b8b0e1c945a47e179170fa,befood,snapshot_observation,,
16ad89fb-0bc1-5d43-b8d0-4285916a69dc,Cơm chay,menu_c4b9236e3c96bd16ad15,venue_82360100fb9c96fa366b,Cơm Chay Thập Phương - Hoàng Diệu 2,"69B Hoàng Diệu 2, Phường Linh Xuân, Hồ Chí Minh",Cơm Cá Thu,30.000 ₫,30000,VND,menu_item_unspecified,4feff167-bbd1-5742-8c74-887247a9e043,src_82360100fb9c96fa366b,https://food.be.com.vn/ho-chi-minh/com-chay-thap-phuong-hoang-dieu-2-125649,2026-10-09T16:38:21.626780+00:00,73dc8268757c723fc98c02770ee280b66dce7a4643b8b0e1c945a47e179170fa,befood,snapshot_observation,,
16ad89fb-0bc1-5d43-b8d0-4285916a69dc,Cơm chay,menu_f103efc59644a7da92fe,venue_82360100fb9c96fa366b,Cơm Chay Thập Phương - Hoàng Diệu 2,"69B Hoàng Diệu 2, Phường Linh Xuân, Hồ Chí Minh",Cơm Cánh Gà,30.000 ₫,30000,VND,menu_item_unspecified,4feff167-bbd1-5742-8c74-887247a9e043,src_82360100fb9c96fa366b,https://food.be.com.vn/ho-chi-minh/com-chay-thap-phuong-hoang-dieu-2-125649,2026-10-09T16:38:21.626780+00:00,73dc8268757c723fc98c02770ee280b66dce7a4643b8b0e1c945a47e179170fa,befood,snapshot_observation,,
16ad89fb-0bc1-5d43-b8d0-4285916a69dc,Cơm chay,menu_34154d376528426660a2,venue_82360100fb9c96fa366b,Cơm Chay Thập Phương - Hoàng Diệu 2,"69B Hoàng Diệu 2, Phường Linh Xuân, Hồ Chí Minh",Cơm Heo Quay,30.000 ₫,30000,VND,menu_item_unspecified,4feff167-bbd1-5742-8c74-887247a9e043,src_82360100fb9c96fa366b,https://food.be.com.vn/ho-chi-minh/com-chay-thap-phuong-hoang-dieu-2-125649,2026-10-09T16:38:21.626780+00:00,73dc8268757c723fc98c02770ee280b66dce7a4643b8b0e1c945a47e179170fa,befood,snapshot_observation,,
16ad89fb-0bc1-5d43-b8d0-4285916a69dc,Cơm chay,menu_82ccacfdf7c5fa3b0279,venue_82360100fb9c96fa366b,Cơm Chay Thập Phương - Hoàng Diệu 2,"69B Hoàng Diệu 2, Phường Linh Xuân, Hồ Chí Minh",Cơm Nấm,30.000 ₫,30000,VND,menu_item_unspecified,4feff167-bbd1-5742-8c74-887247a9e043,src_82360100fb9c96fa366b,https://food.be.com.vn/ho-chi-minh/com-chay-thap-phuong-hoang-dieu-2-125649,2026-10-09T16:38:21.626780+00:00,73dc8268757c723fc98c02770ee280b66dce7a4643b8b0e1c945a47e179170fa,befood,snapshot_observation,,
16ad89fb-0bc1-5d43-b8d0-4285916a69dc,Cơm chay,menu_500fcb94fc244e992461,venue_82360100fb9c96fa366b,Cơm Chay Thập Phương - Hoàng Diệu 2,"69B Hoàng Diệu 2, Phường Linh Xuân, Hồ Chí Minh",Cơm Rau Củ,30.000 ₫,30000,VND,menu_item_unspecified,4feff167-bbd1-5742-8c74-887247a9e043,src_82360100fb9c96fa366b,https://food.be.com.vn/ho-chi-minh/com-chay-thap-phuong-hoang-dieu-2-125649,2026-10-09T16:38:21.626780+00:00,73dc8268757c723fc98c02770ee280b66dce7a4643b8b0e1c945a47e179170fa,befood,snapshot_observation,,
16ad89fb-0bc1-5d43-b8d0-4285916a69dc,Cơm chay,menu_cad894f8ad34ec7ffd4a,venue_82360100fb9c96fa366b,Cơm Chay Thập Phương - Hoàng Diệu 2,"69B Hoàng Diệu 2, Phường Linh Xuân, Hồ Chí Minh",Cơm Sườn,30.000 ₫,30000,VND,menu_item_unspecified,4feff167-bbd1-5742-8c74-887247a9e043,src_82360100fb9c96fa366b,https://food.be.com.vn/ho-chi-minh/com-chay-thap-phuong-hoang-dieu-2-125649,2026-10-09T16:38:21.626780+00:00,73dc8268757c723fc98c02770ee280b66dce7a4643b8b0e1c945a47e179170fa,befood,snapshot_observation,,
16ad89fb-0bc1-5d43-b8d0-4285916a69dc,Cơm chay,menu_c7fe75b991b64a5b6e0a,venue_82360100fb9c96fa366b,Cơm Chay Thập Phương - Hoàng Diệu 2,"69B Hoàng Diệu 2, Phường Linh Xuân, Hồ Chí Minh",Cơm Thập Cẩm,27.000 ₫,27000,VND,menu_item_unspecified,4feff167-bbd1-5742-8c74-887247a9e043,src_82360100fb9c96fa366b,https://food.be.com.vn/ho-chi-minh/com-chay-thap-phuong-hoang-dieu-2-125649,2026-10-09T16:38:21.626780+00:00,73dc8268757c723fc98c02770ee280b66dce7a4643b8b0e1c945a47e179170fa,befood,snapshot_observation,,
16ad89fb-0bc1-5d43-b8d0-4285916a69dc,Cơm chay,menu_32f5ee4efd43201cc667,venue_82360100fb9c96fa366b,Cơm Chay Thập Phương - Hoàng Diệu 2,"69B Hoàng Diệu 2, Phường Linh Xuân, Hồ Chí Minh",Cơm Tôm,30.000 ₫,30000,VND,menu_item_unspecified,4feff167-bbd1-5742-8c74-887247a9e043,src_82360100fb9c96fa366b,https://food.be.com.vn/ho-chi-minh/com-chay-thap-phuong-hoang-dieu-2-125649,2026-10-09T16:38:21.626780+00:00,73dc8268757c723fc98c02770ee280b66dce7a4643b8b0e1c945a47e179170fa,befood,snapshot_observation,,
16ad89fb-0bc1-5d43-b8d0-4285916a69dc,Cơm chay,menu_a0c2ffd89122ec2495d7,venue_82360100fb9c96fa366b,Cơm Chay Thập Phương - Hoàng Diệu 2,"69B Hoàng Diệu 2, Phường Linh Xuân, Hồ Chí Minh",Cơm Xúc Xích,30.000 ₫,30000,VND,menu_item_unspecified,4feff167-bbd1-5742-8c74-887247a9e043,src_82360100fb9c96fa366b,https://food.be.com.vn/ho-chi-minh/com-chay-thap-phuong-hoang-dieu-2-125649,2026-10-09T16:38:21.626780+00:00,73dc8268757c723fc98c02770ee280b66dce7a4643b8b0e1c945a47e179170fa,befood,snapshot_observation,,
16ad89fb-0bc1-5d43-b8d0-4285916a69dc,Cơm chay,menu_d77c7a48447b5f5a09ff,venue_82360100fb9c96fa366b,Cơm Chay Thập Phương - Hoàng Diệu 2,"69B Hoàng Diệu 2, Phường Linh Xuân, Hồ Chí Minh",Cơm Đậu Ki,30.000 ₫,30000,VND,menu_item_unspecified,4feff167-bbd1-5742-8c74-887247a9e043,src_82360100fb9c96fa366b,https://food.be.com.vn/ho-chi-minh/com-chay-thap-phuong-hoang-dieu-2-125649,2026-10-09T16:38:21.626780+00:00,73dc8268757c723fc98c02770ee280b66dce7a4643b8b0e1c945a47e179170fa,befood,snapshot_observation,,
16ad89fb-0bc1-5d43-b8d0-4285916a69dc,Cơm chay,menu_745e01a04f03f773a2e6,venue_82360100fb9c96fa366b,Cơm Chay Thập Phương - Hoàng Diệu 2,"69B Hoàng Diệu 2, Phường Linh Xuân, Hồ Chí Minh",Cơm Đậu Nhồi,30.000 ₫,30000,VND,menu_item_unspecified,4feff167-bbd1-5742-8c74-887247a9e043,src_82360100fb9c96fa366b,https://food.be.com.vn/ho-chi-minh/com-chay-thap-phuong-hoang-dieu-2-125649,2026-10-09T16:38:21.626780+00:00,73dc8268757c723fc98c02770ee280b66dce7a4643b8b0e1c945a47e179170fa,befood,snapshot_observation,,
16ad89fb-0bc1-5d43-b8d0-4285916a69dc,Cơm chay,menu_48850a82a1392cbe6e81,venue_82360100fb9c96fa366b,Cơm Chay Thập Phương - Hoàng Diệu 2,"69B Hoàng Diệu 2, Phường Linh Xuân, Hồ Chí Minh",Cơm Đậu Tương,30.000 ₫,30000,VND,menu_item_unspecified,4feff167-bbd1-5742-8c74-887247a9e043,src_82360100fb9c96fa366b,https://food.be.com.vn/ho-chi-minh/com-chay-thap-phuong-hoang-dieu-2-125649,2026-10-09T16:38:21.626780+00:00,73dc8268757c723fc98c02770ee280b66dce7a4643b8b0e1c945a47e179170fa,befood,snapshot_observation,,
16ad89fb-0bc1-5d43-b8d0-4285916a69dc,Cơm chay,menu_277d212aca4c58a7e1e9,venue_82360100fb9c96fa366b,Cơm Chay Thập Phương - Hoàng Diệu 2,"69B Hoàng Diệu 2, Phường Linh Xuân, Hồ Chí Minh",Cơm Đậu Xả,30.000 ₫,30000,VND,menu_item_unspecified,4feff167-bbd1-5742-8c74-887247a9e043,src_82360100fb9c96fa366b,https://food.be.com.vn/ho-chi-minh/com-chay-thap-phuong-hoang-dieu-2-125649,2026-10-09T16:38:21.626780+00:00,73dc8268757c723fc98c02770ee280b66dce7a4643b8b0e1c945a47e179170fa,befood,snapshot_observation,,
da40f225-25dd-5527-b535-ae5d48e15b9d,Cơm chiên,menu_1bbd6745ba85a50ca9c3,venue_3907593997cd1d49e3d3,Cơm Tấm 49 - Đường Số 4,"49 Đường Số 4, Linh Xuân, Thủ Đức, Hồ Chí Minh",CƠM CHIÊN GÀ XỐI MỠ,65.000 ₫,65000,VND,menu_item_unspecified,79db7b66-bb3b-5fa6-9a7c-0a1c68610fce,src_3907593997cd1d49e3d3,https://food.be.com.vn/ho-chi-minh/com-tam-49-duong-so-4-64909,2026-10-09T16:38:05.884469+00:00,d4c95d56b70a78db4b3a920020eae1d5726d25324c560ef012e6528b52d72165,befood,snapshot_observation,,
da40f225-25dd-5527-b535-ae5d48e15b9d,Cơm chiên,menu_d4a1d18ba4afb76e5226,venue_0332795a08d47aa23867,Tiệm Cơm Nhà Trộn - Hoàng Diệu 2,"122 Hoàng Diệu 2, Phường Linh Trung, Thành Phố Thủ Đức, Hồ Chí Minh",Cơm Chiên Kim Chi,33.000 ₫,33000,VND,menu_item_unspecified,fa76dfbf-99bb-5760-ac20-2741a5862b50,src_0332795a08d47aa23867,https://food.be.com.vn/ho-chi-minh/tiem-com-nha-tron-hoang-dieu-2-102327,2026-10-09T16:38:07.819773+00:00,7e06fcde1e83066f77c7d60fbb1b1a5879e112dbf0b234a9e51450190c8bc450,befood,snapshot_observation,,
01e12db6-8014-5e84-bc53-398af27ad314,Cơm cá chiên,menu_dae6d281baa4cb0949cf,venue_3907593997cd1d49e3d3,Cơm Tấm 49 - Đường Số 4,"49 Đường Số 4, Linh Xuân, Thủ Đức, Hồ Chí Minh",CƠM CÁ CHIÊN,60.000 ₫,60000,VND,menu_item_unspecified,79db7b66-bb3b-5fa6-9a7c-0a1c68610fce,src_3907593997cd1d49e3d3,https://food.be.com.vn/ho-chi-minh/com-tam-49-duong-so-4-64909,2026-10-09T16:38:05.884469+00:00,d4c95d56b70a78db4b3a920020eae1d5726d25324c560ef012e6528b52d72165,befood,snapshot_observation,,
f518af1a-6744-545a-83b4-4fa14d590a43,Cơm cá kho,menu_0fb1066b202b6a570091,venue_adcfe6569f4180dc9bf9,"Kim Nga Quán - Cơm Phần, Bún Riêu & Bánh Canh - Lê Văn Chí","179 Lê Văn Chí, Phường Linh Xuân, Hồ Chí Minh",Cơm cá basa kho,50.000 ₫,50000,VND,menu_item_unspecified,67454d1b-dafa-506c-a960-cf7cb29e7866,src_adcfe6569f4180dc9bf9,https://food.be.com.vn/ho-chi-minh/kim-nga-quan-com-phan-bun-rieu-banh-canh-le-van-chi-130264,2026-10-09T16:38:23.573535+00:00,2afb881c43a16552e6f2db0156838a01d1beb0cee25cc5a88b8e4325ce3e646d,befood,snapshot_observation,,
f518af1a-6744-545a-83b4-4fa14d590a43,Cơm cá kho,menu_eda3e213ee2ff1d749b2,venue_adcfe6569f4180dc9bf9,"Kim Nga Quán - Cơm Phần, Bún Riêu & Bánh Canh - Lê Văn Chí","179 Lê Văn Chí, Phường Linh Xuân, Hồ Chí Minh",Cơm cá lóc kho,45.000 ₫,45000,VND,menu_item_unspecified,67454d1b-dafa-506c-a960-cf7cb29e7866,src_adcfe6569f4180dc9bf9,https://food.be.com.vn/ho-chi-minh/kim-nga-quan-com-phan-bun-rieu-banh-canh-le-van-chi-130264,2026-10-09T16:38:23.573535+00:00,2afb881c43a16552e6f2db0156838a01d1beb0cee25cc5a88b8e4325ce3e646d,befood,snapshot_observation,,
f518af1a-6744-545a-83b4-4fa14d590a43,Cơm cá kho,menu_3e5f958f43eb66887651,venue_adcfe6569f4180dc9bf9,"Kim Nga Quán - Cơm Phần, Bún Riêu & Bánh Canh - Lê Văn Chí","179 Lê Văn Chí, Phường Linh Xuân, Hồ Chí Minh",Cơm cá rô kho,45.000 ₫,45000,VND,menu_item_unspecified,67454d1b-dafa-506c-a960-cf7cb29e7866,src_adcfe6569f4180dc9bf9,https://food.be.com.vn/ho-chi-minh/kim-nga-quan-com-phan-bun-rieu-banh-canh-le-van-chi-130264,2026-10-09T16:38:23.573535+00:00,2afb881c43a16552e6f2db0156838a01d1beb0cee25cc5a88b8e4325ce3e646d,befood,snapshot_observation,,
b115bf23-4277-5a5d-a439-002b0ceda3ce,Cơm gà,menu_f3b1dce2424b2af175d2,venue_adcfe6569f4180dc9bf9,"Kim Nga Quán - Cơm Phần, Bún Riêu & Bánh Canh - Lê Văn Chí","179 Lê Văn Chí, Phường Linh Xuân, Hồ Chí Minh",Cơm gà chiên mắm,50.000 ₫,50000,VND,menu_item_unspecified,67454d1b-dafa-506c-a960-cf7cb29e7866,src_adcfe6569f4180dc9bf9,https://food.be.com.vn/ho-chi-minh/kim-nga-quan-com-phan-bun-rieu-banh-canh-le-van-chi-130264,2026-10-09T16:38:23.573535+00:00,2afb881c43a16552e6f2db0156838a01d1beb0cee25cc5a88b8e4325ce3e646d,befood,snapshot_observation,,
b115bf23-4277-5a5d-a439-002b0ceda3ce,Cơm gà,menu_a654cb46f37e50e7c289,venue_adcfe6569f4180dc9bf9,"Kim Nga Quán - Cơm Phần, Bún Riêu & Bánh Canh - Lê Văn Chí","179 Lê Văn Chí, Phường Linh Xuân, Hồ Chí Minh",Cơm gà kho sả ớt,45.000 ₫,45000,VND,menu_item_unspecified,67454d1b-dafa-506c-a960-cf7cb29e7866,src_adcfe6569f4180dc9bf9,https://food.be.com.vn/ho-chi-minh/kim-nga-quan-com-phan-bun-rieu-banh-canh-le-van-chi-130264,2026-10-09T16:38:23.573535+00:00,2afb881c43a16552e6f2db0156838a01d1beb0cee25cc5a88b8e4325ce3e646d,befood,snapshot_observation,,
b115bf23-4277-5a5d-a439-002b0ceda3ce,Cơm gà,menu_9b900050d66d8e4d4430,venue_3907593997cd1d49e3d3,Cơm Tấm 49 - Đường Số 4,"49 Đường Số 4, Linh Xuân, Thủ Đức, Hồ Chí Minh",CƠM GÀ KHO XÃ ỚT,60.000 ₫,60000,VND,menu_item_unspecified,79db7b66-bb3b-5fa6-9a7c-0a1c68610fce,src_3907593997cd1d49e3d3,https://food.be.com.vn/ho-chi-minh/com-tam-49-duong-so-4-64909,2026-10-09T16:38:05.884469+00:00,d4c95d56b70a78db4b3a920020eae1d5726d25324c560ef012e6528b52d72165,befood,snapshot_observation,,
b115bf23-4277-5a5d-a439-002b0ceda3ce,Cơm gà,menu_e9feaedf570282b04aa3,venue_4bfab8de4972ca050165,Gà Rán và Mỳ Ý Jollibee - Võ Văn Ngân,"255 Võ Văn Ngân, Khu Phố 4, Phường Linh Chiểu, Thành Phố Thủ Đức, Hồ Chí Minh",Cơm gà mắm tỏi.,35.000 ₫,35000,VND,menu_item_unspecified,93190189-abda-58b5-a7ec-d5c8daad2eb2,src_4bfab8de4972ca050165,https://food.be.com.vn/ho-chi-minh/ga-ran-va-my-y-jollibee-vo-van-ngan-98881,2026-10-09T16:38:28.219099+00:00,b31071e502c7de5294915721acf05a345f5ee245ff4740947de1db5597f1e5be,befood,snapshot_observation,,
b115bf23-4277-5a5d-a439-002b0ceda3ce,Cơm gà,menu_11ff051045a4eea958ae,venue_0332795a08d47aa23867,Tiệm Cơm Nhà Trộn - Hoàng Diệu 2,"122 Hoàng Diệu 2, Phường Linh Trung, Thành Phố Thủ Đức, Hồ Chí Minh",Cơm Gà Phô Mai,45.000 ₫,45000,VND,menu_item_unspecified,fa76dfbf-99bb-5760-ac20-2741a5862b50,src_0332795a08d47aa23867,https://food.be.com.vn/ho-chi-minh/tiem-com-nha-tron-hoang-dieu-2-102327,2026-10-09T16:38:07.819773+00:00,7e06fcde1e83066f77c7d60fbb1b1a5879e112dbf0b234a9e51450190c8bc450,befood,snapshot_observation,,
b115bf23-4277-5a5d-a439-002b0ceda3ce,Cơm gà,menu_eefa618e0a50dffdaa5c,venue_ba269bd66855f6a50872,THE BEOSO HEALTHY FOOD - Kha Vạn Cân,"575/1/4 Kha Vạn Cân, Phường Hiệp Bình, Hồ Chí Minh",Cơm gà sous vide original,48.000 ₫,48000,VND,menu_item_unspecified,6304e8d5-110e-509f-855a-aa2680636f82,src_ba269bd66855f6a50872,https://food.be.com.vn/ho-chi-minh/the-beoso-healthy-food-kha-van-can-138734,2026-10-09T16:38:14.280332+00:00,85c0730abe3f2fddcf254ba67cbb8e788bb5d44c594ce963d7c0ca74d87b2a1f,befood,snapshot_observation,,
b115bf23-4277-5a5d-a439-002b0ceda3ce,Cơm gà,menu_7163161037896aab399c,venue_9842483d30a05fd0fc3b,Wallace Burger & Chicken - Kha Vạn Cân,"1098 Kha Vạn Cân, Khu Phố 1, Phường Thủ Đức, Hồ Chí Minh",Cơm gà sốt Teriyaki,45.000 ₫,45000,VND,menu_item_unspecified,a2bc1d40-2c9d-5f93-a2f7-ded6657b4673,src_9842483d30a05fd0fc3b,https://food.be.com.vn/ho-chi-minh/wallace-burger-chicken-kha-van-can-126511,2026-10-09T16:38:10.387106+00:00,36336909fd23ee3b0e945853e39cdcaf74377b4696ad27aa69b60c30b3d99596,befood,snapshot_observation,,
b115bf23-4277-5a5d-a439-002b0ceda3ce,Cơm gà,menu_0adeae409eb0ad26ef33,venue_ba269bd66855f6a50872,THE BEOSO HEALTHY FOOD - Kha Vạn Cân,"575/1/4 Kha Vạn Cân, Phường Hiệp Bình, Hồ Chí Minh",Cơm gà sốt tiêu đen,55.000 ₫,55000,VND,menu_item_unspecified,6304e8d5-110e-509f-855a-aa2680636f82,src_ba269bd66855f6a50872,https://food.be.com.vn/ho-chi-minh/the-beoso-healthy-food-kha-van-can-138734,2026-10-09T16:38:14.280332+00:00,85c0730abe3f2fddcf254ba67cbb8e788bb5d44c594ce963d7c0ca74d87b2a1f,befood,snapshot_observation,,
b115bf23-4277-5a5d-a439-002b0ceda3ce,Cơm gà,menu_bae66c3ae66e0322eaac,venue_ba269bd66855f6a50872,THE BEOSO HEALTHY FOOD - Kha Vạn Cân,"575/1/4 Kha Vạn Cân, Phường Hiệp Bình, Hồ Chí Minh",Cơm gà xá xíu,55.000 ₫,55000,VND,menu_item_unspecified,6304e8d5-110e-509f-855a-aa2680636f82,src_ba269bd66855f6a50872,https://food.be.com.vn/ho-chi-minh/the-beoso-healthy-food-kha-van-can-138734,2026-10-09T16:38:14.280332+00:00,85c0730abe3f2fddcf254ba67cbb8e788bb5d44c594ce963d7c0ca74d87b2a1f,befood,snapshot_observation,,
37e032fb-1a78-5b5c-833d-c5362ba14445,Cơm sườn,menu_3fab60bacc6b85b97dff,venue_adcfe6569f4180dc9bf9,"Kim Nga Quán - Cơm Phần, Bún Riêu & Bánh Canh - Lê Văn Chí","179 Lê Văn Chí, Phường Linh Xuân, Hồ Chí Minh",Cơm sườn non ram,45.000 ₫,45000,VND,menu_item_unspecified,67454d1b-dafa-506c-a960-cf7cb29e7866,src_adcfe6569f4180dc9bf9,https://food.be.com.vn/ho-chi-minh/kim-nga-quan-com-phan-bun-rieu-banh-canh-le-van-chi-130264,2026-10-09T16:38:23.573535+00:00,2afb881c43a16552e6f2db0156838a01d1beb0cee25cc5a88b8e4325ce3e646d,befood,snapshot_observation,,
37e032fb-1a78-5b5c-833d-c5362ba14445,Cơm sườn,menu_9088be3e1160f96e4100,venue_adcfe6569f4180dc9bf9,"Kim Nga Quán - Cơm Phần, Bún Riêu & Bánh Canh - Lê Văn Chí","179 Lê Văn Chí, Phường Linh Xuân, Hồ Chí Minh",Cơm sườn ram,45.000 ₫,45000,VND,menu_item_unspecified,67454d1b-dafa-506c-a960-cf7cb29e7866,src_adcfe6569f4180dc9bf9,https://food.be.com.vn/ho-chi-minh/kim-nga-quan-com-phan-bun-rieu-banh-canh-le-van-chi-130264,2026-10-09T16:38:23.573535+00:00,2afb881c43a16552e6f2db0156838a01d1beb0cee25cc5a88b8e4325ce3e646d,befood,snapshot_observation,,
37e032fb-1a78-5b5c-833d-c5362ba14445,Cơm sườn,menu_7e770ee9a93604f7edd1,venue_3907593997cd1d49e3d3,Cơm Tấm 49 - Đường Số 4,"49 Đường Số 4, Linh Xuân, Thủ Đức, Hồ Chí Minh",Cơm sườn trứng ốp la,60.000 ₫,60000,VND,menu_item_unspecified,79db7b66-bb3b-5fa6-9a7c-0a1c68610fce,src_3907593997cd1d49e3d3,https://food.be.com.vn/ho-chi-minh/com-tam-49-duong-so-4-64909,2026-10-09T16:38:05.884469+00:00,d4c95d56b70a78db4b3a920020eae1d5726d25324c560ef012e6528b52d72165,befood,snapshot_observation,,
a7619de7-cecd-558c-9e8a-dcdedd82465a,Cơm thịt kho,menu_223a88513e71d12943f8,venue_adcfe6569f4180dc9bf9,"Kim Nga Quán - Cơm Phần, Bún Riêu & Bánh Canh - Lê Văn Chí","179 Lê Văn Chí, Phường Linh Xuân, Hồ Chí Minh",Cơm thịt kho trứng,45.000 ₫,45000,VND,menu_item_unspecified,67454d1b-dafa-506c-a960-cf7cb29e7866,src_adcfe6569f4180dc9bf9,https://food.be.com.vn/ho-chi-minh/kim-nga-quan-com-phan-bun-rieu-banh-canh-le-van-chi-130264,2026-10-09T16:38:23.573535+00:00,2afb881c43a16552e6f2db0156838a01d1beb0cee25cc5a88b8e4325ce3e646d,befood,snapshot_observation,,
a7619de7-cecd-558c-9e8a-dcdedd82465a,Cơm thịt kho,menu_d7904c475153a18f71e0,venue_3907593997cd1d49e3d3,Cơm Tấm 49 - Đường Số 4,"49 Đường Số 4, Linh Xuân, Thủ Đức, Hồ Chí Minh",CƠM THỊT KHO TRỨNG,60.000 ₫,60000,VND,menu_item_unspecified,79db7b66-bb3b-5fa6-9a7c-0a1c68610fce,src_3907593997cd1d49e3d3,https://food.be.com.vn/ho-chi-minh/com-tam-49-duong-so-4-64909,2026-10-09T16:38:05.884469+00:00,d4c95d56b70a78db4b3a920020eae1d5726d25324c560ef012e6528b52d72165,befood,snapshot_observation,,
a7619de7-cecd-558c-9e8a-dcdedd82465a,Cơm thịt kho,menu_536e8d30b0c254ec73ae,venue_adcfe6569f4180dc9bf9,"Kim Nga Quán - Cơm Phần, Bún Riêu & Bánh Canh - Lê Văn Chí","179 Lê Văn Chí, Phường Linh Xuân, Hồ Chí Minh",Cơm thịt kho tiêu,45.000 ₫,45000,VND,menu_item_unspecified,67454d1b-dafa-506c-a960-cf7cb29e7866,src_adcfe6569f4180dc9bf9,https://food.be.com.vn/ho-chi-minh/kim-nga-quan-com-phan-bun-rieu-banh-canh-le-van-chi-130264,2026-10-09T16:38:23.573535+00:00,2afb881c43a16552e6f2db0156838a01d1beb0cee25cc5a88b8e4325ce3e646d,befood,snapshot_observation,,
a7619de7-cecd-558c-9e8a-dcdedd82465a,Cơm thịt kho,menu_0ba8eaef1176deeca9b5,venue_3907593997cd1d49e3d3,Cơm Tấm 49 - Đường Số 4,"49 Đường Số 4, Linh Xuân, Thủ Đức, Hồ Chí Minh",cơm thịt kho trứng cút,65.000 ₫,65000,VND,menu_item_unspecified,79db7b66-bb3b-5fa6-9a7c-0a1c68610fce,src_3907593997cd1d49e3d3,https://food.be.com.vn/ho-chi-minh/com-tam-49-duong-so-4-64909,2026-10-09T16:38:05.884469+00:00,d4c95d56b70a78db4b3a920020eae1d5726d25324c560ef012e6528b52d72165,befood,snapshot_observation,,
a7619de7-cecd-558c-9e8a-dcdedd82465a,Cơm thịt kho,menu_f169551637c0e308ab9b,venue_adcfe6569f4180dc9bf9,"Kim Nga Quán - Cơm Phần, Bún Riêu & Bánh Canh - Lê Văn Chí","179 Lê Văn Chí, Phường Linh Xuân, Hồ Chí Minh",Cơm thịt kho đậu hủ,45.000 ₫,45000,VND,menu_item_unspecified,67454d1b-dafa-506c-a960-cf7cb29e7866,src_adcfe6569f4180dc9bf9,https://food.be.com.vn/ho-chi-minh/kim-nga-quan-com-phan-bun-rieu-banh-canh-le-van-chi-130264,2026-10-09T16:38:23.573535+00:00,2afb881c43a16552e6f2db0156838a01d1beb0cee25cc5a88b8e4325ce3e646d,befood,snapshot_observation,,
d9756559-2697-565c-86e0-36cf39c4da49,Cơm trộn,menu_18d0cf359b88f272147e,venue_0332795a08d47aa23867,Tiệm Cơm Nhà Trộn - Hoàng Diệu 2,"122 Hoàng Diệu 2, Phường Linh Trung, Thành Phố Thủ Đức, Hồ Chí Minh",Cơm Gapao,33.000 ₫,33000,VND,menu_item_unspecified,fa76dfbf-99bb-5760-ac20-2741a5862b50,src_0332795a08d47aa23867,https://food.be.com.vn/ho-chi-minh/tiem-com-nha-tron-hoang-dieu-2-102327,2026-10-09T16:38:07.819773+00:00,7e06fcde1e83066f77c7d60fbb1b1a5879e112dbf0b234a9e51450190c8bc450,befood,snapshot_observation,,
d9756559-2697-565c-86e0-36cf39c4da49,Cơm trộn,menu_719211d81001ca214099,venue_0332795a08d47aa23867,Tiệm Cơm Nhà Trộn - Hoàng Diệu 2,"122 Hoàng Diệu 2, Phường Linh Trung, Thành Phố Thủ Đức, Hồ Chí Minh",Cơm TomYum,33.000 ₫,33000,VND,menu_item_unspecified,fa76dfbf-99bb-5760-ac20-2741a5862b50,src_0332795a08d47aa23867,https://food.be.com.vn/ho-chi-minh/tiem-com-nha-tron-hoang-dieu-2-102327,2026-10-09T16:38:07.819773+00:00,7e06fcde1e83066f77c7d60fbb1b1a5879e112dbf0b234a9e51450190c8bc450,befood,snapshot_observation,,
d9756559-2697-565c-86e0-36cf39c4da49,Cơm trộn,menu_25dd6c7143d26252e7f9,venue_0332795a08d47aa23867,Tiệm Cơm Nhà Trộn - Hoàng Diệu 2,"122 Hoàng Diệu 2, Phường Linh Trung, Thành Phố Thủ Đức, Hồ Chí Minh",Cơm trộn cơ bản bò bằm,38.000 ₫,38000,VND,menu_item_unspecified,fa76dfbf-99bb-5760-ac20-2741a5862b50,src_0332795a08d47aa23867,https://food.be.com.vn/ho-chi-minh/tiem-com-nha-tron-hoang-dieu-2-102327,2026-10-09T16:38:07.819773+00:00,7e06fcde1e83066f77c7d60fbb1b1a5879e112dbf0b234a9e51450190c8bc450,befood,snapshot_observation,,
d9756559-2697-565c-86e0-36cf39c4da49,Cơm trộn,menu_78889514181ef7b0a575,venue_0332795a08d47aa23867,Tiệm Cơm Nhà Trộn - Hoàng Diệu 2,"122 Hoàng Diệu 2, Phường Linh Trung, Thành Phố Thủ Đức, Hồ Chí Minh",Cơm trộn cơ bản thịt bằm,35.000 ₫,35000,VND,menu_item_unspecified,fa76dfbf-99bb-5760-ac20-2741a5862b50,src_0332795a08d47aa23867,https://food.be.com.vn/ho-chi-minh/tiem-com-nha-tron-hoang-dieu-2-102327,2026-10-09T16:38:07.819773+00:00,7e06fcde1e83066f77c7d60fbb1b1a5879e112dbf0b234a9e51450190c8bc450,befood,snapshot_observation,,
e0a99abc-3bb4-54e5-85ea-0361df2098b7,Cơm tôm rim,menu_3ddf601a91601f8a54ce,venue_adcfe6569f4180dc9bf9,"Kim Nga Quán - Cơm Phần, Bún Riêu & Bánh Canh - Lê Văn Chí","179 Lê Văn Chí, Phường Linh Xuân, Hồ Chí Minh",Cơm tôm rim,45.000 ₫,45000,VND,menu_item_unspecified,67454d1b-dafa-506c-a960-cf7cb29e7866,src_adcfe6569f4180dc9bf9,https://food.be.com.vn/ho-chi-minh/kim-nga-quan-com-phan-bun-rieu-banh-canh-le-van-chi-130264,2026-10-09T16:38:23.573535+00:00,2afb881c43a16552e6f2db0156838a01d1beb0cee25cc5a88b8e4325ce3e646d,befood,snapshot_observation,,
fc959eeb-033c-54b6-b8a2-9d7c6982803e,Cơm tấm,menu_28efc43664aa320f0ad5,venue_bf9bd7fa5a3c16b442fb,Cơm Tấm Mỹ Mỹ - Kha Vạn Cân,"754 Kha Vạn Cân, Phường Thủ Đức, Hồ Chí Minh",Cơm tấm sườn bì,50.000 ₫,50000,VND,menu_item_unspecified,c12d820b-bc32-5743-81af-50400684cced,src_bf9bd7fa5a3c16b442fb,https://food.be.com.vn/ho-chi-minh/com-tam-my-my-kha-van-can-148809,2026-10-09T16:38:17.505094+00:00,99adaf4625c843748fb394a10f1fd50861de323e1bd4de1917a348adb21b96ed,befood,snapshot_observation,,
fc959eeb-033c-54b6-b8a2-9d7c6982803e,Cơm tấm,menu_f3d440a69d633aa5dea5,venue_3907593997cd1d49e3d3,Cơm Tấm 49 - Đường Số 4,"49 Đường Số 4, Linh Xuân, Thủ Đức, Hồ Chí Minh",Cơm tấm sườn bì,60.000 ₫,60000,VND,menu_item_unspecified,79db7b66-bb3b-5fa6-9a7c-0a1c68610fce,src_3907593997cd1d49e3d3,https://food.be.com.vn/ho-chi-minh/com-tam-49-duong-so-4-64909,2026-10-09T16:38:05.884469+00:00,d4c95d56b70a78db4b3a920020eae1d5726d25324c560ef012e6528b52d72165,befood,snapshot_observation,,
fc959eeb-033c-54b6-b8a2-9d7c6982803e,Cơm tấm,menu_d819fcd8bb3b1c0f989a,venue_bf9bd7fa5a3c16b442fb,Cơm Tấm Mỹ Mỹ - Kha Vạn Cân,"754 Kha Vạn Cân, Phường Thủ Đức, Hồ Chí Minh",Cơm tấm bì chả,40.000 ₫,40000,VND,menu_item_unspecified,c12d820b-bc32-5743-81af-50400684cced,src_bf9bd7fa5a3c16b442fb,https://food.be.com.vn/ho-chi-minh/com-tam-my-my-kha-van-can-148809,2026-10-09T16:38:17.505094+00:00,99adaf4625c843748fb394a10f1fd50861de323e1bd4de1917a348adb21b96ed,befood,snapshot_observation,,
fc959eeb-033c-54b6-b8a2-9d7c6982803e,Cơm tấm,menu_8d4be8fd39b0d561440e,venue_bf9bd7fa5a3c16b442fb,Cơm Tấm Mỹ Mỹ - Kha Vạn Cân,"754 Kha Vạn Cân, Phường Thủ Đức, Hồ Chí Minh",Cơm tấm bì lạp xưởng,40.000 ₫,40000,VND,menu_item_unspecified,c12d820b-bc32-5743-81af-50400684cced,src_bf9bd7fa5a3c16b442fb,https://food.be.com.vn/ho-chi-minh/com-tam-my-my-kha-van-can-148809,2026-10-09T16:38:17.505094+00:00,99adaf4625c843748fb394a10f1fd50861de323e1bd4de1917a348adb21b96ed,befood,snapshot_observation,,
fc959eeb-033c-54b6-b8a2-9d7c6982803e,Cơm tấm,menu_813ed0d2e7a127d00b47,venue_bf9bd7fa5a3c16b442fb,Cơm Tấm Mỹ Mỹ - Kha Vạn Cân,"754 Kha Vạn Cân, Phường Thủ Đức, Hồ Chí Minh",Cơm tấm bì trứng,40.000 ₫,40000,VND,menu_item_unspecified,c12d820b-bc32-5743-81af-50400684cced,src_bf9bd7fa5a3c16b442fb,https://food.be.com.vn/ho-chi-minh/com-tam-my-my-kha-van-can-148809,2026-10-09T16:38:17.505094+00:00,99adaf4625c843748fb394a10f1fd50861de323e1bd4de1917a348adb21b96ed,befood,snapshot_observation,,
fc959eeb-033c-54b6-b8a2-9d7c6982803e,Cơm tấm,menu_e2b3d5c2f85e31e3ce89,venue_3907593997cd1d49e3d3,Cơm Tấm 49 - Đường Số 4,"49 Đường Số 4, Linh Xuân, Thủ Đức, Hồ Chí Minh",cơm tấm chả,55.000 ₫,55000,VND,menu_item_unspecified,79db7b66-bb3b-5fa6-9a7c-0a1c68610fce,src_3907593997cd1d49e3d3,https://food.be.com.vn/ho-chi-minh/com-tam-49-duong-so-4-64909,2026-10-09T16:38:05.884469+00:00,d4c95d56b70a78db4b3a920020eae1d5726d25324c560ef012e6528b52d72165,befood,snapshot_observation,,
fc959eeb-033c-54b6-b8a2-9d7c6982803e,Cơm tấm,menu_c3f2ed4ff03882701a20,venue_bf9bd7fa5a3c16b442fb,Cơm Tấm Mỹ Mỹ - Kha Vạn Cân,"754 Kha Vạn Cân, Phường Thủ Đức, Hồ Chí Minh",Cơm tấm sườn,40.000 ₫,40000,VND,menu_item_unspecified,c12d820b-bc32-5743-81af-50400684cced,src_bf9bd7fa5a3c16b442fb,https://food.be.com.vn/ho-chi-minh/com-tam-my-my-kha-van-can-148809,2026-10-09T16:38:17.505094+00:00,99adaf4625c843748fb394a10f1fd50861de323e1bd4de1917a348adb21b96ed,befood,snapshot_observation,,
fc959eeb-033c-54b6-b8a2-9d7c6982803e,Cơm tấm,menu_1d4d9f73066a4548670f,venue_bf9bd7fa5a3c16b442fb,Cơm Tấm Mỹ Mỹ - Kha Vạn Cân,"754 Kha Vạn Cân, Phường Thủ Đức, Hồ Chí Minh",Cơm tấm sườn bì chả,60.000 ₫,60000,VND,menu_item_unspecified,c12d820b-bc32-5743-81af-50400684cced,src_bf9bd7fa5a3c16b442fb,https://food.be.com.vn/ho-chi-minh/com-tam-my-my-kha-van-can-148809,2026-10-09T16:38:17.505094+00:00,99adaf4625c843748fb394a10f1fd50861de323e1bd4de1917a348adb21b96ed,befood,snapshot_observation,,
fc959eeb-033c-54b6-b8a2-9d7c6982803e,Cơm tấm,menu_b7e3442a37aec60f0886,venue_bf9bd7fa5a3c16b442fb,Cơm Tấm Mỹ Mỹ - Kha Vạn Cân,"754 Kha Vạn Cân, Phường Thủ Đức, Hồ Chí Minh",Cơm tấm sườn bì lạp xưởng,60.000 ₫,60000,VND,menu_item_unspecified,c12d820b-bc32-5743-81af-50400684cced,src_bf9bd7fa5a3c16b442fb,https://food.be.com.vn/ho-chi-minh/com-tam-my-my-kha-van-can-148809,2026-10-09T16:38:17.505094+00:00,99adaf4625c843748fb394a10f1fd50861de323e1bd4de1917a348adb21b96ed,befood,snapshot_observation,,
fc959eeb-033c-54b6-b8a2-9d7c6982803e,Cơm tấm,menu_119cfebac0e8cbcbcc5c,venue_bf9bd7fa5a3c16b442fb,Cơm Tấm Mỹ Mỹ - Kha Vạn Cân,"754 Kha Vạn Cân, Phường Thủ Đức, Hồ Chí Minh",Cơm tấm sườn bì trứng,60.000 ₫,60000,VND,menu_item_unspecified,c12d820b-bc32-5743-81af-50400684cced,src_bf9bd7fa5a3c16b442fb,https://food.be.com.vn/ho-chi-minh/com-tam-my-my-kha-van-can-148809,2026-10-09T16:38:17.505094+00:00,99adaf4625c843748fb394a10f1fd50861de323e1bd4de1917a348adb21b96ed,befood,snapshot_observation,,
fc959eeb-033c-54b6-b8a2-9d7c6982803e,Cơm tấm,menu_319b55951dcf88a201c6,venue_bf9bd7fa5a3c16b442fb,Cơm Tấm Mỹ Mỹ - Kha Vạn Cân,"754 Kha Vạn Cân, Phường Thủ Đức, Hồ Chí Minh",Cơm tấm sườn chả,50.000 ₫,50000,VND,menu_item_unspecified,c12d820b-bc32-5743-81af-50400684cced,src_bf9bd7fa5a3c16b442fb,https://food.be.com.vn/ho-chi-minh/com-tam-my-my-kha-van-can-148809,2026-10-09T16:38:17.505094+00:00,99adaf4625c843748fb394a10f1fd50861de323e1bd4de1917a348adb21b96ed,befood,snapshot_observation,,
fc959eeb-033c-54b6-b8a2-9d7c6982803e,Cơm tấm,menu_ca65442aa17ebc4d00d8,venue_bf9bd7fa5a3c16b442fb,Cơm Tấm Mỹ Mỹ - Kha Vạn Cân,"754 Kha Vạn Cân, Phường Thủ Đức, Hồ Chí Minh",Cơm tấm sườn trứng,50.000 ₫,50000,VND,menu_item_unspecified,c12d820b-bc32-5743-81af-50400684cced,src_bf9bd7fa5a3c16b442fb,https://food.be.com.vn/ho-chi-minh/com-tam-my-my-kha-van-can-148809,2026-10-09T16:38:17.505094+00:00,99adaf4625c843748fb394a10f1fd50861de323e1bd4de1917a348adb21b96ed,befood,snapshot_observation,,
fc959eeb-033c-54b6-b8a2-9d7c6982803e,Cơm tấm,menu_f089ebdf1cf0409a152f,venue_3907593997cd1d49e3d3,Cơm Tấm 49 - Đường Số 4,"49 Đường Số 4, Linh Xuân, Thủ Đức, Hồ Chí Minh",cơm tấm trứng ốp la,55.000 ₫,55000,VND,menu_item_unspecified,79db7b66-bb3b-5fa6-9a7c-0a1c68610fce,src_3907593997cd1d49e3d3,https://food.be.com.vn/ho-chi-minh/com-tam-49-duong-so-4-64909,2026-10-09T16:38:05.884469+00:00,d4c95d56b70a78db4b3a920020eae1d5726d25324c560ef012e6528b52d72165,befood,snapshot_observation,,
fc959eeb-033c-54b6-b8a2-9d7c6982803e,Cơm tấm,menu_acccc5e3f6bf86ab9c32,venue_bf9bd7fa5a3c16b442fb,Cơm Tấm Mỹ Mỹ - Kha Vạn Cân,"754 Kha Vạn Cân, Phường Thủ Đức, Hồ Chí Minh",Cơm tấm đặc biệt 4 món sườn bì chả trứng,70.000 ₫,70000,VND,menu_item_unspecified,c12d820b-bc32-5743-81af-50400684cced,src_bf9bd7fa5a3c16b442fb,https://food.be.com.vn/ho-chi-minh/com-tam-my-my-kha-van-can-148809,2026-10-09T16:38:17.505094+00:00,99adaf4625c843748fb394a10f1fd50861de323e1bd4de1917a348adb21b96ed,befood,snapshot_observation,,
fc959eeb-033c-54b6-b8a2-9d7c6982803e,Cơm tấm,menu_f89f2b0e8831e718d80f,venue_bf9bd7fa5a3c16b442fb,Cơm Tấm Mỹ Mỹ - Kha Vạn Cân,"754 Kha Vạn Cân, Phường Thủ Đức, Hồ Chí Minh",Cơm tấm đặc biệt 5 món sườn bì chả trứng lạp xưởng,80.000 ₫,80000,VND,menu_item_unspecified,c12d820b-bc32-5743-81af-50400684cced,src_bf9bd7fa5a3c16b442fb,https://food.be.com.vn/ho-chi-minh/com-tam-my-my-kha-van-can-148809,2026-10-09T16:38:17.505094+00:00,99adaf4625c843748fb394a10f1fd50861de323e1bd4de1917a348adb21b96ed,befood,snapshot_observation,,
9cbc5485-896f-5725-bc54-c7d637f54770,Cơm đậu hủ sốt cà,menu_76c7ef46aca8d2643afc,venue_adcfe6569f4180dc9bf9,"Kim Nga Quán - Cơm Phần, Bún Riêu & Bánh Canh - Lê Văn Chí","179 Lê Văn Chí, Phường Linh Xuân, Hồ Chí Minh",Cơm đậu hủ sốt cà,45.000 ₫,45000,VND,menu_item_unspecified,67454d1b-dafa-506c-a960-cf7cb29e7866,src_adcfe6569f4180dc9bf9,https://food.be.com.vn/ho-chi-minh/kim-nga-quan-com-phan-bun-rieu-banh-canh-le-van-chi-130264,2026-10-09T16:38:23.573535+00:00,2afb881c43a16552e6f2db0156838a01d1beb0cee25cc5a88b8e4325ce3e646d,befood,snapshot_observation,,
c5bbbe58-91c4-5819-8813-a531825073b6,Hủ tiếu,menu_68c1d55c04815ceb4d10,venue_3907593997cd1d49e3d3,Cơm Tấm 49 - Đường Số 4,"49 Đường Số 4, Linh Xuân, Thủ Đức, Hồ Chí Minh",HỦ TIẾU GIÒ HEO,65.000 ₫,65000,VND,menu_item_unspecified,79db7b66-bb3b-5fa6-9a7c-0a1c68610fce,src_3907593997cd1d49e3d3,https://food.be.com.vn/ho-chi-minh/com-tam-49-duong-so-4-64909,2026-10-09T16:38:05.884469+00:00,d4c95d56b70a78db4b3a920020eae1d5726d25324c560ef012e6528b52d72165,befood,snapshot_observation,,
c5bbbe58-91c4-5819-8813-a531825073b6,Hủ tiếu,menu_b28ee85658b079b63371,venue_3907593997cd1d49e3d3,Cơm Tấm 49 - Đường Số 4,"49 Đường Số 4, Linh Xuân, Thủ Đức, Hồ Chí Minh",HỦ TIẾU THỊT,55.000 ₫,55000,VND,menu_item_unspecified,79db7b66-bb3b-5fa6-9a7c-0a1c68610fce,src_3907593997cd1d49e3d3,https://food.be.com.vn/ho-chi-minh/com-tam-49-duong-so-4-64909,2026-10-09T16:38:05.884469+00:00,d4c95d56b70a78db4b3a920020eae1d5726d25324c560ef012e6528b52d72165,befood,snapshot_observation,,
c5bbbe58-91c4-5819-8813-a531825073b6,Hủ tiếu,menu_ff2a1671693f68c570fb,venue_3907593997cd1d49e3d3,Cơm Tấm 49 - Đường Số 4,"49 Đường Số 4, Linh Xuân, Thủ Đức, Hồ Chí Minh",HỦ TIẾU THỊT MỘC,55.000 ₫,55000,VND,menu_item_unspecified,79db7b66-bb3b-5fa6-9a7c-0a1c68610fce,src_3907593997cd1d49e3d3,https://food.be.com.vn/ho-chi-minh/com-tam-49-duong-so-4-64909,2026-10-09T16:38:05.884469+00:00,d4c95d56b70a78db4b3a920020eae1d5726d25324c560ef012e6528b52d72165,befood,snapshot_observation,,
c3f1f939-20a4-55b1-89af-42e3c95a33fa,Miến,menu_88966dfa8a9163a7a409,venue_7cfc5cbe89ee1080c161,Phở & Bún Bò Tươi - Hoàng Diệu 2,"127-1 Hoàng Diệu 2, Phường Linh Xuân, Hồ Chí Minh",Miến gà,65.000 ₫,65000,VND,menu_item_unspecified,bd7249fc-fec6-55d3-9ba0-3a06cee8a859,src_7cfc5cbe89ee1080c161,https://food.be.com.vn/ho-chi-minh/pho-bun-bo-tuoi-hoang-dieu-2-137270,2026-10-09T16:38:51.212537+00:00,f0f14a9e1a55b4a4a427c1135c29d60ea1e5d05e262aa4e8690cbb4bd74f1f90,befood,snapshot_observation,,
c3f1f939-20a4-55b1-89af-42e3c95a33fa,Miến,menu_bb2bf3d856e95b1e2f82,venue_554ee5d1ce5a2abf1fa7,Phở Lý Quốc Sư - Hoàng Diệu 2,"218A Hoàng Diệu 2, Phường Thủ Đức, Hồ Chí Minh",Miến gà,45.000 ₫,45000,VND,menu_item_unspecified,5dd7d319-9918-5389-ad80-817f8de98fd6,src_554ee5d1ce5a2abf1fa7,https://food.be.com.vn/ho-chi-minh/pho-ly-quoc-su-hoang-dieu-2-86590,2026-10-09T16:38:48.635183+00:00,076fd2332416259668bf2e87df9951280bdaade8b6f52f9788adf5a69b0fda1f,befood,snapshot_observation,,
c3f1f939-20a4-55b1-89af-42e3c95a33fa,Miến,menu_3188e4590e77e87204d5,venue_554ee5d1ce5a2abf1fa7,Phở Lý Quốc Sư - Hoàng Diệu 2,"218A Hoàng Diệu 2, Phường Thủ Đức, Hồ Chí Minh",Miến bò,35.000 ₫,35000,VND,menu_item_unspecified,5dd7d319-9918-5389-ad80-817f8de98fd6,src_554ee5d1ce5a2abf1fa7,https://food.be.com.vn/ho-chi-minh/pho-ly-quoc-su-hoang-dieu-2-86590,2026-10-09T16:38:48.635183+00:00,076fd2332416259668bf2e87df9951280bdaade8b6f52f9788adf5a69b0fda1f,befood,snapshot_observation,,
c3f1f939-20a4-55b1-89af-42e3c95a33fa,Miến,menu_60ade44cd0eaa58a79ec,venue_0332795a08d47aa23867,Tiệm Cơm Nhà Trộn - Hoàng Diệu 2,"122 Hoàng Diệu 2, Phường Linh Trung, Thành Phố Thủ Đức, Hồ Chí Minh",Miến Hàn trộn,35.000 ₫,35000,VND,menu_item_unspecified,fa76dfbf-99bb-5760-ac20-2741a5862b50,src_0332795a08d47aa23867,https://food.be.com.vn/ho-chi-minh/tiem-com-nha-tron-hoang-dieu-2-102327,2026-10-09T16:38:07.819773+00:00,7e06fcde1e83066f77c7d60fbb1b1a5879e112dbf0b234a9e51450190c8bc450,befood,snapshot_observation,,
69073532-dba4-59ab-917e-42971d5e81c3,Mì,menu_1631d466455cd52472a0,venue_554ee5d1ce5a2abf1fa7,Phở Lý Quốc Sư - Hoàng Diệu 2,"218A Hoàng Diệu 2, Phường Thủ Đức, Hồ Chí Minh",Mì bò,45.000 ₫,45000,VND,menu_item_unspecified,5dd7d319-9918-5389-ad80-817f8de98fd6,src_554ee5d1ce5a2abf1fa7,https://food.be.com.vn/ho-chi-minh/pho-ly-quoc-su-hoang-dieu-2-86590,2026-10-09T16:38:48.635183+00:00,076fd2332416259668bf2e87df9951280bdaade8b6f52f9788adf5a69b0fda1f,befood,snapshot_observation,,
69073532-dba4-59ab-917e-42971d5e81c3,Mì,menu_70ba964c0626f7b44a93,venue_554ee5d1ce5a2abf1fa7,Phở Lý Quốc Sư - Hoàng Diệu 2,"218A Hoàng Diệu 2, Phường Thủ Đức, Hồ Chí Minh",Mì gà,45.000 ₫,45000,VND,menu_item_unspecified,5dd7d319-9918-5389-ad80-817f8de98fd6,src_554ee5d1ce5a2abf1fa7,https://food.be.com.vn/ho-chi-minh/pho-ly-quoc-su-hoang-dieu-2-86590,2026-10-09T16:38:48.635183+00:00,076fd2332416259668bf2e87df9951280bdaade8b6f52f9788adf5a69b0fda1f,befood,snapshot_observation,,
69073532-dba4-59ab-917e-42971d5e81c3,Mì,menu_af2aefac7a2679359adb,venue_9251309d510552dc4282,Phá Lấu Cô Phương - Hiệp Bình,"176 Hiệp Bình, Phường Hiệp Bình Chánh, Thành Phố Thủ Đức, Hồ Chí Minh",Mì nước phá lấu,45.000 ₫,45000,VND,menu_item_unspecified,7653a338-3eb4-5ec9-851c-8d3574c3b0b8,src_9251309d510552dc4282,https://food.be.com.vn/ho-chi-minh/pha-lau-co-phuong-hiep-binh-46636,2026-10-09T16:38:46.521162+00:00,5e25226ac9ca8e150f616a5fa03905df5677e781df3d65a8b76d2818cdac0e8b,befood,snapshot_observation,,
69073532-dba4-59ab-917e-42971d5e81c3,Mì,menu_6f9d19fccbbe51ed301a,venue_9251309d510552dc4282,Phá Lấu Cô Phương - Hiệp Bình,"176 Hiệp Bình, Phường Hiệp Bình Chánh, Thành Phố Thủ Đức, Hồ Chí Minh",Mì xào phá lấu,50.000 ₫,50000,VND,menu_item_unspecified,7653a338-3eb4-5ec9-851c-8d3574c3b0b8,src_9251309d510552dc4282,https://food.be.com.vn/ho-chi-minh/pha-lau-co-phuong-hiep-binh-46636,2026-10-09T16:38:46.521162+00:00,5e25226ac9ca8e150f616a5fa03905df5677e781df3d65a8b76d2818cdac0e8b,befood,snapshot_observation,,
4f4e0327-d10e-5c8f-b69a-eb4f2df520ea,Mì trộn,menu_48438c228897db92d83c,venue_3907593997cd1d49e3d3,Cơm Tấm 49 - Đường Số 4,"49 Đường Số 4, Linh Xuân, Thủ Đức, Hồ Chí Minh","MÌ HOẢ TỐC, MÌ TRỘN PHÔ MAI HÀN QUỐC COLUSA",26.000 ₫,26000,VND,menu_item_unspecified,79db7b66-bb3b-5fa6-9a7c-0a1c68610fce,src_3907593997cd1d49e3d3,https://food.be.com.vn/ho-chi-minh/com-tam-49-duong-so-4-64909,2026-10-09T16:38:05.884469+00:00,d4c95d56b70a78db4b3a920020eae1d5726d25324c560ef012e6528b52d72165,befood,snapshot_observation,,
4f4e0327-d10e-5c8f-b69a-eb4f2df520ea,Mì trộn,menu_eb31c70ae1612e482edb,venue_3907593997cd1d49e3d3,Cơm Tấm 49 - Đường Số 4,"49 Đường Số 4, Linh Xuân, Thủ Đức, Hồ Chí Minh",MÌ TRỘN COLUSA,40.000 ₫,40000,VND,menu_item_unspecified,79db7b66-bb3b-5fa6-9a7c-0a1c68610fce,src_3907593997cd1d49e3d3,https://food.be.com.vn/ho-chi-minh/com-tam-49-duong-so-4-64909,2026-10-09T16:38:05.884469+00:00,d4c95d56b70a78db4b3a920020eae1d5726d25324c560ef012e6528b52d72165,befood,snapshot_observation,,
4f4e0327-d10e-5c8f-b69a-eb4f2df520ea,Mì trộn,menu_2f83ae6572afa0131c04,venue_3907593997cd1d49e3d3,Cơm Tấm 49 - Đường Số 4,"49 Đường Số 4, Linh Xuân, Thủ Đức, Hồ Chí Minh",MÌ TRỘN HƯƠNG VỊ KEBAB COLUSA,20.000 ₫,20000,VND,menu_item_unspecified,79db7b66-bb3b-5fa6-9a7c-0a1c68610fce,src_3907593997cd1d49e3d3,https://food.be.com.vn/ho-chi-minh/com-tam-49-duong-so-4-64909,2026-10-09T16:38:05.884469+00:00,d4c95d56b70a78db4b3a920020eae1d5726d25324c560ef012e6528b52d72165,befood,snapshot_observation,,
4f4e0327-d10e-5c8f-b69a-eb4f2df520ea,Mì trộn,menu_85d40bace981273f315c,venue_a19e3649185a0ffc6f99,Mì Trộn Nhà Min - Kha Vạn Cân,"1060/22 Kha Vạn Cân, Phường Thủ Đức, Hồ Chí Minh",Mì trộn indo,39.000 ₫,39000,VND,menu_item_unspecified,11dd6ec4-4037-55d0-930c-ab5e47a42452,src_a19e3649185a0ffc6f99,https://food.be.com.vn/ho-chi-minh/mi-tron-nha-min-kha-van-can-147476,2026-10-09T16:38:12.555139+00:00,3e103c7f278ff7650b3093803ef6fb66f68bb8b2f2254e53d62d97f5eba8f9f5,befood,snapshot_observation,,
4f4e0327-d10e-5c8f-b69a-eb4f2df520ea,Mì trộn,menu_fa4567bd7a33d7ccc0bc,venue_a19e3649185a0ffc6f99,Mì Trộn Nhà Min - Kha Vạn Cân,"1060/22 Kha Vạn Cân, Phường Thủ Đức, Hồ Chí Minh",Mì trộn phô mai,46.000 ₫,46000,VND,menu_item_unspecified,11dd6ec4-4037-55d0-930c-ab5e47a42452,src_a19e3649185a0ffc6f99,https://food.be.com.vn/ho-chi-minh/mi-tron-nha-min-kha-van-can-147476,2026-10-09T16:38:12.555139+00:00,3e103c7f278ff7650b3093803ef6fb66f68bb8b2f2254e53d62d97f5eba8f9f5,befood,snapshot_observation,,
4f4e0327-d10e-5c8f-b69a-eb4f2df520ea,Mì trộn,menu_2452a32cf1c94fcb8ce3,venue_a5a12f3859548ad799da,Quie Tea & Food - Hoàng Diệu 2,"127/6E Hoàng Diệu 2, Phường Linh Xuân, Hồ Chí Minh",Mì trộn Quie,40.000 ₫,40000,VND,menu_item_unspecified,83199cc8-678e-592b-a02b-9cf6dce0d645,src_a5a12f3859548ad799da,https://food.be.com.vn/ho-chi-minh/quie-tea-food-hoang-dieu-2-148318,2026-10-09T16:38:58.314927+00:00,9fe224686d4e6fb525cd74caab949c418941ed4d99bc2d2342d8b1c567e6b22f,befood,snapshot_observation,,
4f4e0327-d10e-5c8f-b69a-eb4f2df520ea,Mì trộn,menu_a6fb7148f478e6e05325,venue_a5a12f3859548ad799da,Quie Tea & Food - Hoàng Diệu 2,"127/6E Hoàng Diệu 2, Phường Linh Xuân, Hồ Chí Minh",Mì trộn thập cẩm,37.500 ₫,37500,VND,menu_item_unspecified,83199cc8-678e-592b-a02b-9cf6dce0d645,src_a5a12f3859548ad799da,https://food.be.com.vn/ho-chi-minh/quie-tea-food-hoang-dieu-2-148318,2026-10-09T16:38:58.314927+00:00,9fe224686d4e6fb525cd74caab949c418941ed4d99bc2d2342d8b1c567e6b22f,befood,snapshot_observation,,
b151781d-c641-593f-9aba-a1ac5d16e309,Mì Ý,menu_09d13c1382a6c3b65b7a,venue_03bac5075757df75477f,Bún Bò Ngon Ánh Linh - Bánh Canh & Mì Ý 24h - Đường 49,"1/43/6 Đường 49, Phường Hiệp Bình Chánh, Thành Phố Thủ Đức, Hồ Chí Minh",mỳ spaghetti - size M,45.000 ₫,45000,VND,menu_item_unspecified,6f69256a-a101-5bc7-b230-9c4a13b32e0c,src_03bac5075757df75477f,https://food.be.com.vn/ho-chi-minh/bun-bo-ngon-anh-linh-banh-canh-mi-y-24h-duong-49-94430,2026-10-09T16:38:41.056188+00:00,0314af31035e4d1eabf594671ac925acec1782bb32bbfeb0ce563c6d2079159a,befood,snapshot_observation,,
b151781d-c641-593f-9aba-a1ac5d16e309,Mì Ý,menu_ac5eec97a6e8cfff4f7d,venue_03bac5075757df75477f,Bún Bò Ngon Ánh Linh - Bánh Canh & Mì Ý 24h - Đường 49,"1/43/6 Đường 49, Phường Hiệp Bình Chánh, Thành Phố Thủ Đức, Hồ Chí Minh",mỳ spaghetti - size S,35.000 ₫,35000,VND,menu_item_unspecified,6f69256a-a101-5bc7-b230-9c4a13b32e0c,src_03bac5075757df75477f,https://food.be.com.vn/ho-chi-minh/bun-bo-ngon-anh-linh-banh-canh-mi-y-24h-duong-49-94430,2026-10-09T16:38:41.056188+00:00,0314af31035e4d1eabf594671ac925acec1782bb32bbfeb0ce563c6d2079159a,befood,snapshot_observation,,
b151781d-c641-593f-9aba-a1ac5d16e309,Mì Ý,menu_f2005d073454d5eead81,venue_03bac5075757df75477f,Bún Bò Ngon Ánh Linh - Bánh Canh & Mì Ý 24h - Đường 49,"1/43/6 Đường 49, Phường Hiệp Bình Chánh, Thành Phố Thủ Đức, Hồ Chí Minh",mỳ spaghetti - size L,55.000 ₫,55000,VND,menu_item_unspecified,6f69256a-a101-5bc7-b230-9c4a13b32e0c,src_03bac5075757df75477f,https://food.be.com.vn/ho-chi-minh/bun-bo-ngon-anh-linh-banh-canh-mi-y-24h-duong-49-94430,2026-10-09T16:38:41.056188+00:00,0314af31035e4d1eabf594671ac925acec1782bb32bbfeb0ce563c6d2079159a,befood,snapshot_observation,,
b151781d-c641-593f-9aba-a1ac5d16e309,Mì Ý,menu_3c80f11a5ee74a3347fa,venue_9842483d30a05fd0fc3b,Wallace Burger & Chicken - Kha Vạn Cân,"1098 Kha Vạn Cân, Khu Phố 1, Phường Thủ Đức, Hồ Chí Minh",Mì Ý,35.000 ₫,35000,VND,menu_item_unspecified,a2bc1d40-2c9d-5f93-a2f7-ded6657b4673,src_9842483d30a05fd0fc3b,https://food.be.com.vn/ho-chi-minh/wallace-burger-chicken-kha-van-can-126511,2026-10-09T16:38:10.387106+00:00,36336909fd23ee3b0e945853e39cdcaf74377b4696ad27aa69b60c30b3d99596,befood,snapshot_observation,,
b151781d-c641-593f-9aba-a1ac5d16e309,Mì Ý,menu_2da8b53c3a217daebcaa,venue_4bfab8de4972ca050165,Gà Rán và Mỳ Ý Jollibee - Võ Văn Ngân,"255 Võ Văn Ngân, Khu Phố 4, Phường Linh Chiểu, Thành Phố Thủ Đức, Hồ Chí Minh",1 Mì Ý Jolly vừa,35.000 ₫,35000,VND,menu_item_unspecified,93190189-abda-58b5-a7ec-d5c8daad2eb2,src_4bfab8de4972ca050165,https://food.be.com.vn/ho-chi-minh/ga-ran-va-my-y-jollibee-vo-van-ngan-98881,2026-10-09T16:38:28.219099+00:00,b31071e502c7de5294915721acf05a345f5ee245ff4740947de1db5597f1e5be,befood,snapshot_observation,,
b151781d-c641-593f-9aba-a1ac5d16e309,Mì Ý,menu_5787cc84c67b5dae0bbc,venue_4bfab8de4972ca050165,Gà Rán và Mỳ Ý Jollibee - Võ Văn Ngân,"255 Võ Văn Ngân, Khu Phố 4, Phường Linh Chiểu, Thành Phố Thủ Đức, Hồ Chí Minh",1 Mì Ý Jolly lớn,45.000 ₫,45000,VND,menu_item_unspecified,93190189-abda-58b5-a7ec-d5c8daad2eb2,src_4bfab8de4972ca050165,https://food.be.com.vn/ho-chi-minh/ga-ran-va-my-y-jollibee-vo-van-ngan-98881,2026-10-09T16:38:28.219099+00:00,b31071e502c7de5294915721acf05a345f5ee245ff4740947de1db5597f1e5be,befood,snapshot_observation,,
b151781d-c641-593f-9aba-a1ac5d16e309,Mì Ý,menu_bbf973289cf84c5ab034,venue_4bfab8de4972ca050165,Gà Rán và Mỳ Ý Jollibee - Võ Văn Ngân,"255 Võ Văn Ngân, Khu Phố 4, Phường Linh Chiểu, Thành Phố Thủ Đức, Hồ Chí Minh",Mì Ý Sốt Cay vừa,40.000 ₫,40000,VND,menu_item_unspecified,93190189-abda-58b5-a7ec-d5c8daad2eb2,src_4bfab8de4972ca050165,https://food.be.com.vn/ho-chi-minh/ga-ran-va-my-y-jollibee-vo-van-ngan-98881,2026-10-09T16:38:28.219099+00:00,b31071e502c7de5294915721acf05a345f5ee245ff4740947de1db5597f1e5be,befood,snapshot_observation,,
aa59b2ad-3c15-5133-bad9-122a8d2fe93b,Nui,menu_5475979fede9f79b0a83,venue_96cb183c657714899fc9,"Bánh Mì, Xôi Xíu Mại & Xá Xíu - Đặng Văn Bi","104 Đặng Văn Bi, Phường Thủ Đức, Hồ Chí Minh",Nui A Xíu,50.000 ₫,50000,VND,menu_item_unspecified,cd026318-9480-5df6-a3a9-6fe05474f62c,src_96cb183c657714899fc9,https://food.be.com.vn/ho-chi-minh/banh-mi-xoi-xiu-mai-xa-xiu-dang-van-bi-120584,2026-10-09T16:38:36.331674+00:00,5a9f033cc36a98bb1c42bd56e2f9497e76eff86f41b6f8d307d54e598ab1d076,befood,snapshot_observation,,
0da7d12b-4e83-517b-9c26-b192e6d63fe9,Phở bò,menu_9ed20b9b57bf75f5eaac,venue_554ee5d1ce5a2abf1fa7,Phở Lý Quốc Sư - Hoàng Diệu 2,"218A Hoàng Diệu 2, Phường Thủ Đức, Hồ Chí Minh",Phở bò tô đặc biệt,65.000 ₫,65000,VND,menu_item_unspecified,5dd7d319-9918-5389-ad80-817f8de98fd6,src_554ee5d1ce5a2abf1fa7,https://food.be.com.vn/ho-chi-minh/pho-ly-quoc-su-hoang-dieu-2-86590,2026-10-09T16:38:48.635183+00:00,076fd2332416259668bf2e87df9951280bdaade8b6f52f9788adf5a69b0fda1f,befood,snapshot_observation,,
0da7d12b-4e83-517b-9c26-b192e6d63fe9,Phở bò,menu_9665149cf43578a6cd3d,venue_554ee5d1ce5a2abf1fa7,Phở Lý Quốc Sư - Hoàng Diệu 2,"218A Hoàng Diệu 2, Phường Thủ Đức, Hồ Chí Minh",Phở bò viên,45.000 ₫,45000,VND,menu_item_unspecified,5dd7d319-9918-5389-ad80-817f8de98fd6,src_554ee5d1ce5a2abf1fa7,https://food.be.com.vn/ho-chi-minh/pho-ly-quoc-su-hoang-dieu-2-86590,2026-10-09T16:38:48.635183+00:00,076fd2332416259668bf2e87df9951280bdaade8b6f52f9788adf5a69b0fda1f,befood,snapshot_observation,,
0da7d12b-4e83-517b-9c26-b192e6d63fe9,Phở bò,menu_26b4ede4ba27f12f3a28,venue_554ee5d1ce5a2abf1fa7,Phở Lý Quốc Sư - Hoàng Diệu 2,"218A Hoàng Diệu 2, Phường Thủ Đức, Hồ Chí Minh",Phở bắp bò,55.000 ₫,55000,VND,menu_item_unspecified,5dd7d319-9918-5389-ad80-817f8de98fd6,src_554ee5d1ce5a2abf1fa7,https://food.be.com.vn/ho-chi-minh/pho-ly-quoc-su-hoang-dieu-2-86590,2026-10-09T16:38:48.635183+00:00,076fd2332416259668bf2e87df9951280bdaade8b6f52f9788adf5a69b0fda1f,befood,snapshot_observation,,
0da7d12b-4e83-517b-9c26-b192e6d63fe9,Phở bò,menu_0ef6c055bbcba05309ea,venue_554ee5d1ce5a2abf1fa7,Phở Lý Quốc Sư - Hoàng Diệu 2,"218A Hoàng Diệu 2, Phường Thủ Đức, Hồ Chí Minh",Phở gân,45.000 ₫,45000,VND,menu_item_unspecified,5dd7d319-9918-5389-ad80-817f8de98fd6,src_554ee5d1ce5a2abf1fa7,https://food.be.com.vn/ho-chi-minh/pho-ly-quoc-su-hoang-dieu-2-86590,2026-10-09T16:38:48.635183+00:00,076fd2332416259668bf2e87df9951280bdaade8b6f52f9788adf5a69b0fda1f,befood,snapshot_observation,,
0da7d12b-4e83-517b-9c26-b192e6d63fe9,Phở bò,menu_6198731b557bb210b58a,venue_554ee5d1ce5a2abf1fa7,Phở Lý Quốc Sư - Hoàng Diệu 2,"218A Hoàng Diệu 2, Phường Thủ Đức, Hồ Chí Minh",Phở gầu,50.000 ₫,50000,VND,menu_item_unspecified,5dd7d319-9918-5389-ad80-817f8de98fd6,src_554ee5d1ce5a2abf1fa7,https://food.be.com.vn/ho-chi-minh/pho-ly-quoc-su-hoang-dieu-2-86590,2026-10-09T16:38:48.635183+00:00,076fd2332416259668bf2e87df9951280bdaade8b6f52f9788adf5a69b0fda1f,befood,snapshot_observation,,
0da7d12b-4e83-517b-9c26-b192e6d63fe9,Phở bò,menu_3fb3cb6f15849aa837b2,venue_554ee5d1ce5a2abf1fa7,Phở Lý Quốc Sư - Hoàng Diệu 2,"218A Hoàng Diệu 2, Phường Thủ Đức, Hồ Chí Minh",Phở nạm,45.000 ₫,45000,VND,menu_item_unspecified,5dd7d319-9918-5389-ad80-817f8de98fd6,src_554ee5d1ce5a2abf1fa7,https://food.be.com.vn/ho-chi-minh/pho-ly-quoc-su-hoang-dieu-2-86590,2026-10-09T16:38:48.635183+00:00,076fd2332416259668bf2e87df9951280bdaade8b6f52f9788adf5a69b0fda1f,befood,snapshot_observation,,
0da7d12b-4e83-517b-9c26-b192e6d63fe9,Phở bò,menu_d71a52f7187a2c99274d,venue_554ee5d1ce5a2abf1fa7,Phở Lý Quốc Sư - Hoàng Diệu 2,"218A Hoàng Diệu 2, Phường Thủ Đức, Hồ Chí Minh",Phở nạm gân,50.000 ₫,50000,VND,menu_item_unspecified,5dd7d319-9918-5389-ad80-817f8de98fd6,src_554ee5d1ce5a2abf1fa7,https://food.be.com.vn/ho-chi-minh/pho-ly-quoc-su-hoang-dieu-2-86590,2026-10-09T16:38:48.635183+00:00,076fd2332416259668bf2e87df9951280bdaade8b6f52f9788adf5a69b0fda1f,befood,snapshot_observation,,
0da7d12b-4e83-517b-9c26-b192e6d63fe9,Phở bò,menu_410b4ed15974c00291a2,venue_554ee5d1ce5a2abf1fa7,Phở Lý Quốc Sư - Hoàng Diệu 2,"218A Hoàng Diệu 2, Phường Thủ Đức, Hồ Chí Minh",Phở nạm gầu,50.000 ₫,50000,VND,menu_item_unspecified,5dd7d319-9918-5389-ad80-817f8de98fd6,src_554ee5d1ce5a2abf1fa7,https://food.be.com.vn/ho-chi-minh/pho-ly-quoc-su-hoang-dieu-2-86590,2026-10-09T16:38:48.635183+00:00,076fd2332416259668bf2e87df9951280bdaade8b6f52f9788adf5a69b0fda1f,befood,snapshot_observation,,
0da7d12b-4e83-517b-9c26-b192e6d63fe9,Phở bò,menu_ec0f7a919171f3b7f551,venue_554ee5d1ce5a2abf1fa7,Phở Lý Quốc Sư - Hoàng Diệu 2,"218A Hoàng Diệu 2, Phường Thủ Đức, Hồ Chí Minh",Phở nạm viên,50.000 ₫,50000,VND,menu_item_unspecified,5dd7d319-9918-5389-ad80-817f8de98fd6,src_554ee5d1ce5a2abf1fa7,https://food.be.com.vn/ho-chi-minh/pho-ly-quoc-su-hoang-dieu-2-86590,2026-10-09T16:38:48.635183+00:00,076fd2332416259668bf2e87df9951280bdaade8b6f52f9788adf5a69b0fda1f,befood,snapshot_observation,,
0da7d12b-4e83-517b-9c26-b192e6d63fe9,Phở bò,menu_9d138530cd95e47dad82,venue_554ee5d1ce5a2abf1fa7,Phở Lý Quốc Sư - Hoàng Diệu 2,"218A Hoàng Diệu 2, Phường Thủ Đức, Hồ Chí Minh",Phở tái,45.000 ₫,45000,VND,menu_item_unspecified,5dd7d319-9918-5389-ad80-817f8de98fd6,src_554ee5d1ce5a2abf1fa7,https://food.be.com.vn/ho-chi-minh/pho-ly-quoc-su-hoang-dieu-2-86590,2026-10-09T16:38:48.635183+00:00,076fd2332416259668bf2e87df9951280bdaade8b6f52f9788adf5a69b0fda1f,befood,snapshot_observation,,
0da7d12b-4e83-517b-9c26-b192e6d63fe9,Phở bò,menu_4c1b9f765850487eaaac,venue_554ee5d1ce5a2abf1fa7,Phở Lý Quốc Sư - Hoàng Diệu 2,"218A Hoàng Diệu 2, Phường Thủ Đức, Hồ Chí Minh",Phở tái bò viên,50.000 ₫,50000,VND,menu_item_unspecified,5dd7d319-9918-5389-ad80-817f8de98fd6,src_554ee5d1ce5a2abf1fa7,https://food.be.com.vn/ho-chi-minh/pho-ly-quoc-su-hoang-dieu-2-86590,2026-10-09T16:38:48.635183+00:00,076fd2332416259668bf2e87df9951280bdaade8b6f52f9788adf5a69b0fda1f,befood,snapshot_observation,,
0da7d12b-4e83-517b-9c26-b192e6d63fe9,Phở bò,menu_82ba99640338e56d340e,venue_554ee5d1ce5a2abf1fa7,Phở Lý Quốc Sư - Hoàng Diệu 2,"218A Hoàng Diệu 2, Phường Thủ Đức, Hồ Chí Minh",Phở tái bắp,55.000 ₫,55000,VND,menu_item_unspecified,5dd7d319-9918-5389-ad80-817f8de98fd6,src_554ee5d1ce5a2abf1fa7,https://food.be.com.vn/ho-chi-minh/pho-ly-quoc-su-hoang-dieu-2-86590,2026-10-09T16:38:48.635183+00:00,076fd2332416259668bf2e87df9951280bdaade8b6f52f9788adf5a69b0fda1f,befood,snapshot_observation,,
0da7d12b-4e83-517b-9c26-b192e6d63fe9,Phở bò,menu_fd04e4f394d6da7d938d,venue_554ee5d1ce5a2abf1fa7,Phở Lý Quốc Sư - Hoàng Diệu 2,"218A Hoàng Diệu 2, Phường Thủ Đức, Hồ Chí Minh",Phở tái gân,50.000 ₫,50000,VND,menu_item_unspecified,5dd7d319-9918-5389-ad80-817f8de98fd6,src_554ee5d1ce5a2abf1fa7,https://food.be.com.vn/ho-chi-minh/pho-ly-quoc-su-hoang-dieu-2-86590,2026-10-09T16:38:48.635183+00:00,076fd2332416259668bf2e87df9951280bdaade8b6f52f9788adf5a69b0fda1f,befood,snapshot_observation,,
0da7d12b-4e83-517b-9c26-b192e6d63fe9,Phở bò,menu_1b5c4eb74496735ab688,venue_554ee5d1ce5a2abf1fa7,Phở Lý Quốc Sư - Hoàng Diệu 2,"218A Hoàng Diệu 2, Phường Thủ Đức, Hồ Chí Minh",Phở tái gầu,50.000 ₫,50000,VND,menu_item_unspecified,5dd7d319-9918-5389-ad80-817f8de98fd6,src_554ee5d1ce5a2abf1fa7,https://food.be.com.vn/ho-chi-minh/pho-ly-quoc-su-hoang-dieu-2-86590,2026-10-09T16:38:48.635183+00:00,076fd2332416259668bf2e87df9951280bdaade8b6f52f9788adf5a69b0fda1f,befood,snapshot_observation,,
0da7d12b-4e83-517b-9c26-b192e6d63fe9,Phở bò,menu_9226e6fe566e7b5ccb43,venue_554ee5d1ce5a2abf1fa7,Phở Lý Quốc Sư - Hoàng Diệu 2,"218A Hoàng Diệu 2, Phường Thủ Đức, Hồ Chí Minh",Phở tái lăn,65.000 ₫,65000,VND,menu_item_unspecified,5dd7d319-9918-5389-ad80-817f8de98fd6,src_554ee5d1ce5a2abf1fa7,https://food.be.com.vn/ho-chi-minh/pho-ly-quoc-su-hoang-dieu-2-86590,2026-10-09T16:38:48.635183+00:00,076fd2332416259668bf2e87df9951280bdaade8b6f52f9788adf5a69b0fda1f,befood,snapshot_observation,,
0da7d12b-4e83-517b-9c26-b192e6d63fe9,Phở bò,menu_ad417eee5118846d8be6,venue_554ee5d1ce5a2abf1fa7,Phở Lý Quốc Sư - Hoàng Diệu 2,"218A Hoàng Diệu 2, Phường Thủ Đức, Hồ Chí Minh",Phở tái nạm,50.000 ₫,50000,VND,menu_item_unspecified,5dd7d319-9918-5389-ad80-817f8de98fd6,src_554ee5d1ce5a2abf1fa7,https://food.be.com.vn/ho-chi-minh/pho-ly-quoc-su-hoang-dieu-2-86590,2026-10-09T16:38:48.635183+00:00,076fd2332416259668bf2e87df9951280bdaade8b6f52f9788adf5a69b0fda1f,befood,snapshot_observation,,
33c758d0-9f9b-5dd9-8976-c52b6f949d31,Phở gà,menu_93c677af17d612620a14,venue_7cfc5cbe89ee1080c161,Phở & Bún Bò Tươi - Hoàng Diệu 2,"127-1 Hoàng Diệu 2, Phường Linh Xuân, Hồ Chí Minh",Phở gà,65.000 ₫,65000,VND,menu_item_unspecified,bd7249fc-fec6-55d3-9ba0-3a06cee8a859,src_7cfc5cbe89ee1080c161,https://food.be.com.vn/ho-chi-minh/pho-bun-bo-tuoi-hoang-dieu-2-137270,2026-10-09T16:38:51.212537+00:00,f0f14a9e1a55b4a4a427c1135c29d60ea1e5d05e262aa4e8690cbb4bd74f1f90,befood,snapshot_observation,,
33c758d0-9f9b-5dd9-8976-c52b6f949d31,Phở gà,menu_c2a09df0ebf10b8bb2e8,venue_554ee5d1ce5a2abf1fa7,Phở Lý Quốc Sư - Hoàng Diệu 2,"218A Hoàng Diệu 2, Phường Thủ Đức, Hồ Chí Minh",Phở gà,45.000 ₫,45000,VND,menu_item_unspecified,5dd7d319-9918-5389-ad80-817f8de98fd6,src_554ee5d1ce5a2abf1fa7,https://food.be.com.vn/ho-chi-minh/pho-ly-quoc-su-hoang-dieu-2-86590,2026-10-09T16:38:48.635183+00:00,076fd2332416259668bf2e87df9951280bdaade8b6f52f9788adf5a69b0fda1f,befood,snapshot_observation,,
26448eef-8a0a-5934-bc0a-8936b205b389,Salad,menu_8caf606557c67bc70f81,venue_ba269bd66855f6a50872,THE BEOSO HEALTHY FOOD - Kha Vạn Cân,"575/1/4 Kha Vạn Cân, Phường Hiệp Bình, Hồ Chí Minh",Salad bò,59.000 ₫,59000,VND,menu_item_unspecified,6304e8d5-110e-509f-855a-aa2680636f82,src_ba269bd66855f6a50872,https://food.be.com.vn/ho-chi-minh/the-beoso-healthy-food-kha-van-can-138734,2026-10-09T16:38:14.280332+00:00,85c0730abe3f2fddcf254ba67cbb8e788bb5d44c594ce963d7c0ca74d87b2a1f,befood,snapshot_observation,,
26448eef-8a0a-5934-bc0a-8936b205b389,Salad,menu_d10a7dfc7dc58341cf5b,venue_ba269bd66855f6a50872,THE BEOSO HEALTHY FOOD - Kha Vạn Cân,"575/1/4 Kha Vạn Cân, Phường Hiệp Bình, Hồ Chí Minh",Salad trứng,39.000 ₫,39000,VND,menu_item_unspecified,6304e8d5-110e-509f-855a-aa2680636f82,src_ba269bd66855f6a50872,https://food.be.com.vn/ho-chi-minh/the-beoso-healthy-food-kha-van-can-138734,2026-10-09T16:38:14.280332+00:00,85c0730abe3f2fddcf254ba67cbb8e788bb5d44c594ce963d7c0ca74d87b2a1f,befood,snapshot_observation,,
26448eef-8a0a-5934-bc0a-8936b205b389,Salad,menu_a9ad4b5415a36a8e675a,venue_ba269bd66855f6a50872,THE BEOSO HEALTHY FOOD - Kha Vạn Cân,"575/1/4 Kha Vạn Cân, Phường Hiệp Bình, Hồ Chí Minh",Salad ức gà sous vide,46.000 ₫,46000,VND,menu_item_unspecified,6304e8d5-110e-509f-855a-aa2680636f82,src_ba269bd66855f6a50872,https://food.be.com.vn/ho-chi-minh/the-beoso-healthy-food-kha-van-can-138734,2026-10-09T16:38:14.280332+00:00,85c0730abe3f2fddcf254ba67cbb8e788bb5d44c594ce963d7c0ca74d87b2a1f,befood,snapshot_observation,,
1fdae49f-b6da-5574-82b6-4b7fc1cf09cd,Xôi,menu_3c768f03949d8ec04107,venue_96cb183c657714899fc9,"Bánh Mì, Xôi Xíu Mại & Xá Xíu - Đặng Văn Bi","104 Đặng Văn Bi, Phường Thủ Đức, Hồ Chí Minh",Xôi thập cẩm,43.000 ₫,43000,VND,menu_item_unspecified,cd026318-9480-5df6-a3a9-6fe05474f62c,src_96cb183c657714899fc9,https://food.be.com.vn/ho-chi-minh/banh-mi-xoi-xiu-mai-xa-xiu-dang-van-bi-120584,2026-10-09T16:38:36.331674+00:00,5a9f033cc36a98bb1c42bd56e2f9497e76eff86f41b6f8d307d54e598ab1d076,befood,snapshot_observation,,
1fdae49f-b6da-5574-82b6-4b7fc1cf09cd,Xôi,menu_64a31ed90738e2e76a7a,venue_437e34621677d067cf12,LÒ BÁNH MỲ BẢO CHÂU - Hoàng Diệu 2,"242 Đường Hoàng Diệu 2, Linh Chiểu, Thủ Đức, Hồ Chí Minh, Việt Nam",Xôi thập cẩm - nhỏ,30.000 ₫,30000,VND,menu_item_unspecified,9c82f366-7255-5f9d-bf6a-19699d27c058,src_437e34621677d067cf12,https://food.be.com.vn/ho-chi-minh/lo-banh-my-bao-chau-hoang-dieu-2-25690,2026-10-09T16:38:38.312817+00:00,73e936d2d8a96a903f30ee770ec07fbd37d2b1f750ed781803c2d5fe4e6003a7,befood,snapshot_observation,,
1fdae49f-b6da-5574-82b6-4b7fc1cf09cd,Xôi,menu_ecaf179619d8bd198b15,venue_437e34621677d067cf12,LÒ BÁNH MỲ BẢO CHÂU - Hoàng Diệu 2,"242 Đường Hoàng Diệu 2, Linh Chiểu, Thủ Đức, Hồ Chí Minh, Việt Nam",Xôi thập Cẩm - lớn,40.000 ₫,40000,VND,menu_item_unspecified,9c82f366-7255-5f9d-bf6a-19699d27c058,src_437e34621677d067cf12,https://food.be.com.vn/ho-chi-minh/lo-banh-my-bao-chau-hoang-dieu-2-25690,2026-10-09T16:38:38.312817+00:00,73e936d2d8a96a903f30ee770ec07fbd37d2b1f750ed781803c2d5fe4e6003a7,befood,snapshot_observation,,
1fdae49f-b6da-5574-82b6-4b7fc1cf09cd,Xôi,menu_e8e1abae674db0ae945f,venue_96cb183c657714899fc9,"Bánh Mì, Xôi Xíu Mại & Xá Xíu - Đặng Văn Bi","104 Đặng Văn Bi, Phường Thủ Đức, Hồ Chí Minh",Xôi A xíu,43.000 ₫,43000,VND,menu_item_unspecified,cd026318-9480-5df6-a3a9-6fe05474f62c,src_96cb183c657714899fc9,https://food.be.com.vn/ho-chi-minh/banh-mi-xoi-xiu-mai-xa-xiu-dang-van-bi-120584,2026-10-09T16:38:36.331674+00:00,5a9f033cc36a98bb1c42bd56e2f9497e76eff86f41b6f8d307d54e598ab1d076,befood,snapshot_observation,,
1fdae49f-b6da-5574-82b6-4b7fc1cf09cd,Xôi,menu_a5f55b9de72226c5207b,venue_96cb183c657714899fc9,"Bánh Mì, Xôi Xíu Mại & Xá Xíu - Đặng Văn Bi","104 Đặng Văn Bi, Phường Thủ Đức, Hồ Chí Minh",Xôi chả,29.000 ₫,29000,VND,menu_item_unspecified,cd026318-9480-5df6-a3a9-6fe05474f62c,src_96cb183c657714899fc9,https://food.be.com.vn/ho-chi-minh/banh-mi-xoi-xiu-mai-xa-xiu-dang-van-bi-120584,2026-10-09T16:38:36.331674+00:00,5a9f033cc36a98bb1c42bd56e2f9497e76eff86f41b6f8d307d54e598ab1d076,befood,snapshot_observation,,
1fdae49f-b6da-5574-82b6-4b7fc1cf09cd,Xôi,menu_206664a65c17551bb094,venue_437e34621677d067cf12,LÒ BÁNH MỲ BẢO CHÂU - Hoàng Diệu 2,"242 Đường Hoàng Diệu 2, Linh Chiểu, Thủ Đức, Hồ Chí Minh, Việt Nam",Xôi chả lụa - nhỏ,30.000 ₫,30000,VND,menu_item_unspecified,9c82f366-7255-5f9d-bf6a-19699d27c058,src_437e34621677d067cf12,https://food.be.com.vn/ho-chi-minh/lo-banh-my-bao-chau-hoang-dieu-2-25690,2026-10-09T16:38:38.312817+00:00,73e936d2d8a96a903f30ee770ec07fbd37d2b1f750ed781803c2d5fe4e6003a7,befood,snapshot_observation,,
1fdae49f-b6da-5574-82b6-4b7fc1cf09cd,Xôi,menu_6f067a34bfeceba57d3e,venue_437e34621677d067cf12,LÒ BÁNH MỲ BẢO CHÂU - Hoàng Diệu 2,"242 Đường Hoàng Diệu 2, Linh Chiểu, Thủ Đức, Hồ Chí Minh, Việt Nam",Xôi chả lụa - lớn,40.000 ₫,40000,VND,menu_item_unspecified,9c82f366-7255-5f9d-bf6a-19699d27c058,src_437e34621677d067cf12,https://food.be.com.vn/ho-chi-minh/lo-banh-my-bao-chau-hoang-dieu-2-25690,2026-10-09T16:38:38.312817+00:00,73e936d2d8a96a903f30ee770ec07fbd37d2b1f750ed781803c2d5fe4e6003a7,befood,snapshot_observation,,
1fdae49f-b6da-5574-82b6-4b7fc1cf09cd,Xôi,menu_30ab487df9a065681f6c,venue_437e34621677d067cf12,LÒ BÁNH MỲ BẢO CHÂU - Hoàng Diệu 2,"242 Đường Hoàng Diệu 2, Linh Chiểu, Thủ Đức, Hồ Chí Minh, Việt Nam",Xôi heo quay - nhỏ,30.000 ₫,30000,VND,menu_item_unspecified,9c82f366-7255-5f9d-bf6a-19699d27c058,src_437e34621677d067cf12,https://food.be.com.vn/ho-chi-minh/lo-banh-my-bao-chau-hoang-dieu-2-25690,2026-10-09T16:38:38.312817+00:00,73e936d2d8a96a903f30ee770ec07fbd37d2b1f750ed781803c2d5fe4e6003a7,befood,snapshot_observation,,
1fdae49f-b6da-5574-82b6-4b7fc1cf09cd,Xôi,menu_3fd4c27c0ad56ae0e99b,venue_437e34621677d067cf12,LÒ BÁNH MỲ BẢO CHÂU - Hoàng Diệu 2,"242 Đường Hoàng Diệu 2, Linh Chiểu, Thủ Đức, Hồ Chí Minh, Việt Nam",Xôi heo quay - lớn,40.000 ₫,40000,VND,menu_item_unspecified,9c82f366-7255-5f9d-bf6a-19699d27c058,src_437e34621677d067cf12,https://food.be.com.vn/ho-chi-minh/lo-banh-my-bao-chau-hoang-dieu-2-25690,2026-10-09T16:38:38.312817+00:00,73e936d2d8a96a903f30ee770ec07fbd37d2b1f750ed781803c2d5fe4e6003a7,befood,snapshot_observation,,
1fdae49f-b6da-5574-82b6-4b7fc1cf09cd,Xôi,menu_5689cd84ba37921bbe23,venue_96cb183c657714899fc9,"Bánh Mì, Xôi Xíu Mại & Xá Xíu - Đặng Văn Bi","104 Đặng Văn Bi, Phường Thủ Đức, Hồ Chí Minh",Xôi Thịt nướng,45.000 ₫,45000,VND,menu_item_unspecified,cd026318-9480-5df6-a3a9-6fe05474f62c,src_96cb183c657714899fc9,https://food.be.com.vn/ho-chi-minh/banh-mi-xoi-xiu-mai-xa-xiu-dang-van-bi-120584,2026-10-09T16:38:36.331674+00:00,5a9f033cc36a98bb1c42bd56e2f9497e76eff86f41b6f8d307d54e598ab1d076,befood,snapshot_observation,,
1fdae49f-b6da-5574-82b6-4b7fc1cf09cd,Xôi,menu_109164ade65bd31f6422,venue_437e34621677d067cf12,LÒ BÁNH MỲ BẢO CHÂU - Hoàng Diệu 2,"242 Đường Hoàng Diệu 2, Linh Chiểu, Thủ Đức, Hồ Chí Minh, Việt Nam",Xôi trứng - nhỏ,30.000 ₫,30000,VND,menu_item_unspecified,9c82f366-7255-5f9d-bf6a-19699d27c058,src_437e34621677d067cf12,https://food.be.com.vn/ho-chi-minh/lo-banh-my-bao-chau-hoang-dieu-2-25690,2026-10-09T16:38:38.312817+00:00,73e936d2d8a96a903f30ee770ec07fbd37d2b1f750ed781803c2d5fe4e6003a7,befood,snapshot_observation,,
1fdae49f-b6da-5574-82b6-4b7fc1cf09cd,Xôi,menu_652ab22a3d90c0a31b6d,venue_437e34621677d067cf12,LÒ BÁNH MỲ BẢO CHÂU - Hoàng Diệu 2,"242 Đường Hoàng Diệu 2, Linh Chiểu, Thủ Đức, Hồ Chí Minh, Việt Nam",Xôi trứng - lớn,40.000 ₫,40000,VND,menu_item_unspecified,9c82f366-7255-5f9d-bf6a-19699d27c058,src_437e34621677d067cf12,https://food.be.com.vn/ho-chi-minh/lo-banh-my-bao-chau-hoang-dieu-2-25690,2026-10-09T16:38:38.312817+00:00,73e936d2d8a96a903f30ee770ec07fbd37d2b1f750ed781803c2d5fe4e6003a7,befood,snapshot_observation,,
1fdae49f-b6da-5574-82b6-4b7fc1cf09cd,Xôi,menu_5ff0e72ad10181494431,venue_96cb183c657714899fc9,"Bánh Mì, Xôi Xíu Mại & Xá Xíu - Đặng Văn Bi","104 Đặng Văn Bi, Phường Thủ Đức, Hồ Chí Minh",Xôi xá xíu,36.000 ₫,36000,VND,menu_item_unspecified,cd026318-9480-5df6-a3a9-6fe05474f62c,src_96cb183c657714899fc9,https://food.be.com.vn/ho-chi-minh/banh-mi-xoi-xiu-mai-xa-xiu-dang-van-bi-120584,2026-10-09T16:38:36.331674+00:00,5a9f033cc36a98bb1c42bd56e2f9497e76eff86f41b6f8d307d54e598ab1d076,befood,snapshot_observation,,
1fdae49f-b6da-5574-82b6-4b7fc1cf09cd,Xôi,menu_58abffbc7f2b8d6a5261,venue_96cb183c657714899fc9,"Bánh Mì, Xôi Xíu Mại & Xá Xíu - Đặng Văn Bi","104 Đặng Văn Bi, Phường Thủ Đức, Hồ Chí Minh",Xôi xíu mại,36.000 ₫,36000,VND,menu_item_unspecified,cd026318-9480-5df6-a3a9-6fe05474f62c,src_96cb183c657714899fc9,https://food.be.com.vn/ho-chi-minh/banh-mi-xoi-xiu-mai-xa-xiu-dang-van-bi-120584,2026-10-09T16:38:36.331674+00:00,5a9f033cc36a98bb1c42bd56e2f9497e76eff86f41b6f8d307d54e598ab1d076,befood,snapshot_observation,,
